Name,Games Played,Minutes Per Game,FGs per game,Three point attempts,Threes per game,Free Throws per game,Rebounds per game,Assists per game,Steals per game,Blocks per game,Turnovers per game,Points per game
Karl-Anthony Towns,39,21.1,.566,0.2,.250,.813,6.7,1.1,0.5,2.3,1.4,10.3
Jahlil Okafor,38,30.1,.664,0.0,nan,.510,8.5,1.3,0.8,1.4,2.5,17.3
Willie Cauley-Stein,105,24.5,.593,0.0,nan,.508,6.2,0.9,1.1,2.2,1.2,8.0
Stanley Johnson,38,28.4,.446,3.1,.371,.742,6.5,1.7,1.5,0.4,2.2,13.8
Frank Kaminsky,144,20.4,.522,1.9,.369,.763,4.6,1.3,0.5,1.1,0.8,10.1
Justise Winslow,39,29.1,.486,2.8,.418,.641,6.5,2.1,1.3,0.9,1.8,12.6
Myles Turner,34,22.2,.455,1.8,.274,.839,6.5,0.6,0.3,2.6,1.4,10.1
Trey Lyles,36,23.0,.488,0.8,.138,.735,5.2,1.1,0.5,0.4,1.1,8.7
Devin Booker,128,24.1,.496,0.6,.275,.658,5.7,0.8,0.6,0.6,1.6,9.0
Cameron Payne,69,32.4,.432,6.3,.359,.781,3.7,5.7,1.8,0.5,2.9,18.5
Kelly Oubre,36,21.0,.444,2.6,.358,.718,5.0,0.8,1.1,0.4,1.2,9.3
Terry Rozier,73,26.8,.408,3.5,.331,.772,4.3,2.4,1.5,0.1,1.4,12.0
Rashad Vaughn,23,32.3,.439,6.1,.383,.694,4.8,1.6,0.8,0.3,2.2,17.8
Sam Dekker,113,27.9,.493,3.6,.348,.695,5.0,1.3,0.6,0.5,1.0,12.1
Jerian Grant,119,36.4,.436,4.4,.345,.790,2.9,5.8,1.5,0.3,2.2,14.6
Delon Wright,68,34.8,.535,1.9,.299,.814,5.8,5.2,2.3,1.1,2.2,15.0
Justin Anderson,98,24.1,.430,2.8,.357,.752,3.5,1.8,0.6,0.9,1.3,8.9
Bobby Portis,70,28.5,.526,0.9,.365,.737,7.9,1.3,1.1,1.5,1.4,15.0
Rondae Hollis-Jefferson,76,27.0,.496,0.5,.205,.697,6.3,1.5,0.9,0.9,1.4,10.2
Tyus Jones,39,33.9,.417,3.2,.379,.889,3.5,5.6,1.5,0.1,1.9,11.8
Jarell Martin,65,30.7,.494,2.0,.308,.689,6.9,1.4,1.0,0.7,2.2,13.7
Larry Nance,117,25.3,.533,nan,nan,.628,6.7,1.5,0.9,0.9,1.9,11.5
Chris McCullough,16,28.1,.478,0.1,1.000,.563,6.9,1.1,1.7,2.1,2.2,9.3
Kevon Looney,36,30.9,.470,1.5,.415,.626,9.2,1.4,1.3,0.9,1.3,11.6
Montrezl Harrell,112,26.4,.586,0.4,.275,.533,6.9,0.9,0.8,1.1,1.3,11.6
Jordan Mickey,65,33.8,.518,0.2,.071,.669,8.8,1.2,0.8,3.4,2.8,14.0
Anthony Brown,47,13.1,.482,0.1,.143,.569,2.3,0.3,0.3,0.4,0.4,3.0
Rakeem Christmas,142,22.0,.560,0.0,.000,.681,5.3,0.6,0.5,1.7,1.1,7.4
Richaun Holmes,95,26.5,.554,0.9,.353,.697,6.9,0.7,0.8,2.6,1.5,11.5
Darrun Hilliard,132,26.8,.436,4.3,.367,.748,3.0,1.9,1.3,0.4,1.6,11.4
Josh Richardson,28,nan,.445,0.1,.000,.560,2.8,0.5,0.5,0.1,1.0,6.1
Pat Connaughton,139,32.3,.450,5.0,.386,.777,5.9,1.8,0.7,0.5,1.0,10.5
Olivier Hanlan,97,36.0,.453,5.0,.361,.778,3.9,3.1,1.1,0.1,2.4,17.8
Joe Young,29,13.5,.377,1.6,.340,.737,1.8,0.6,0.6,0.1,0.7,3.8
Andrew Harrison,79,28.6,.372,2.4,.367,.777,2.7,3.8,0.8,0.2,2.2,10.1
Marcus Thornton,66,32.7,.455,6.7,.382,.771,5.5,1.8,1.5,0.3,2.0,20.4
Norman Powell,141,25.2,.461,2.5,.314,.746,3.0,1.5,1.1,0.4,1.3,9.8
Dakari Johnson,78,15.2,.537,0.0,nan,.559,4.3,0.5,0.3,0.8,0.9,5.8
Aaron White,107,18.9,.399,3.9,.386,.740,1.8,1.6,0.9,0.0,1.6,7.4
Tyler Harvey,84,31.4,.463,7.2,.432,.847,3.5,2.3,1.0,0.2,1.8,18.6
Cady Lalanne,111,25.2,.553,0.4,.213,.666,7.9,0.2,0.4,1.8,1.9,10.0
Branden Dawson,130,26.6,.559,0.1,.000,.558,6.9,1.4,1.3,1.1,1.7,10.1
Andrew Wiggins,35,32.8,.448,3.6,.341,.775,5.9,1.5,1.2,1.0,2.3,17.1
Jabari Parker,35,30.7,.473,3.0,.358,.748,8.7,1.2,1.1,1.2,2.3,19.1
Joel Embiid,28,23.1,.626,0.2,.200,.685,8.1,1.4,0.9,2.6,2.4,11.2
Aaron Gordon,38,31.2,.495,1.2,.356,.422,8.0,2.0,0.9,1.0,1.4,12.4
Marcus Smart,64,33.1,.413,4.6,.295,.751,5.9,4.5,2.9,0.6,3.0,16.6
Julius Randle,40,30.8,.501,0.5,.167,.706,10.4,1.4,0.5,0.8,2.5,15.0
Nik Stauskas,75,32.9,.467,5.2,.441,.832,2.9,2.3,0.6,0.3,1.5,14.1
Noah Vonleh,30,26.5,.523,1.1,.485,.716,9.0,0.6,0.9,1.4,2.1,11.3
Elfrid Payton,100,31.6,.485,1.1,.268,.611,5.1,4.9,2.0,0.5,3.4,14.3
Doug McDermott,145,31.5,.550,4.1,.458,.831,7.5,1.3,0.2,0.1,2.2,21.7
Zach LaVine,37,24.4,.441,3.5,.375,.691,2.5,1.8,0.9,0.2,1.1,9.4
Adreian Payne,138,20.0,.526,1.1,.409,.755,5.3,0.6,0.6,1.0,1.4,8.9
James Young,40,32.4,.407,5.9,.349,.706,4.3,1.7,0.8,0.2,1.9,14.3
Tyler Ennis,34,35.7,.411,2.5,.353,.765,3.4,5.5,2.1,0.2,1.7,12.9
Gary Harris,69,31.0,.440,5.6,.376,.788,3.3,2.0,1.6,0.3,1.6,14.9
Mitch McGary,47,20.6,.588,0.0,.000,.513,6.6,0.8,1.2,0.7,1.3,7.8
Jordan Adams,69,30.2,.467,4.3,.331,.839,4.6,2.1,2.4,0.2,1.4,16.4
Rodney Hood,35,32.9,.464,4.8,.420,.807,3.9,2.1,0.7,0.3,1.5,16.1
Shabazz Napier,143,32.3,.411,4.8,.375,.813,4.0,4.5,1.8,0.2,2.4,13.7
Josh Huestis,135,25.0,.451,1.5,.319,.610,6.2,0.8,0.5,1.4,0.9,7.5
Joe Harris,15,10.1,.452,1.6,.375,.000,1.6,0.3,0.2,0.0,0.4,3.1
Cleanthony Early,75,26.2,.470,4.3,.348,.819,5.7,0.7,0.8,0.8,1.7,15.1
Jarnell Stokes,87,29.7,.530,0.0,.000,.628,9.6,1.5,0.7,1.1,2.1,13.0
DeAndre Daniels,99,23.8,.454,2.4,.349,.752,4.6,0.5,0.6,1.2,1.3,9.6
Spencer Dinwiddie,86,30.1,.420,3.5,.386,.830,3.3,2.6,1.1,0.3,1.8,13.0
Jerami Grant,72,21.9,.486,0.3,.300,.641,4.7,0.9,0.6,0.5,0.9,7.5
Glenn Robinson,62,35.1,.479,4.6,.385,.773,9.7,1.9,1.8,1.0,3.9,27.5
Nick Johnson,108,30.9,.421,3.7,.359,.734,3.7,2.8,1.3,0.6,1.8,12.3
Markel Brown,134,30.5,.439,3.1,.347,.733,4.3,2.3,1.0,0.8,1.8,12.4
Dwight Powell,136,26.2,.464,0.8,.289,.722,6.3,1.8,0.9,0.9,2.1,10.8
Jordan Clarkson,35,35.1,.448,3.3,.281,.831,3.8,3.4,1.1,0.2,2.7,17.5
Russ Smith,133,24.3,.413,3.9,.345,.760,2.7,2.8,1.9,0.1,2.4,14.3
Lamar Patterson,149,24.3,.435,3.1,.369,.723,3.9,2.9,1.0,0.3,1.6,9.5
Cameron Bairstow,134,20.8,.517,0.0,.333,.717,4.8,0.8,0.5,0.7,1.2,9.2
Alec Brown,126,29.3,.465,1.5,.400,.748,6.3,0.9,0.6,2.5,2.1,13.3
Semaj Christon,64,34.8,.462,1.2,.338,.670,2.8,4.4,1.4,0.2,3.1,16.2
Jordan McRae,114,27.1,.417,4.6,.343,.769,3.3,1.8,0.6,0.9,2.0,13.3
Xavier Thames,97,31.3,.393,3.3,.357,.829,2.9,3.3,1.2,0.2,1.9,12.7
Cory Jefferson,130,19.9,.543,0.4,.340,.660,5.6,0.4,0.3,1.3,0.8,8.9
Anthony Bennett,35,27.1,.533,2.7,.375,.701,8.1,1.0,0.7,1.2,1.9,16.1
Victor Oladipo,104,24.6,.538,1.4,.338,.716,5.2,1.7,1.5,0.5,2.0,10.7
Otto Porter,64,32.5,.498,2.4,.355,.751,7.1,2.1,1.5,0.9,1.3,12.8
Cody Zeller,72,29.0,.592,0.0,.000,.756,7.3,1.3,1.2,1.2,2.0,16.1
Alex Len,60,24.5,.538,0.2,.111,.663,7.0,0.8,0.2,2.1,1.6,9.7
Nerlens Noel,24,31.9,.590,0.0,nan,.529,9.5,1.6,2.1,4.4,1.9,10.5
Ben McLemore,37,32.2,.495,4.7,.420,.870,5.2,2.0,1.0,0.7,2.1,15.9
Kentavious Caldwell-Pope,64,33.0,.415,6.9,.339,.752,6.1,1.5,1.9,0.4,1.6,15.8
Trey Burke,73,35.7,.450,5.0,.367,.777,3.3,5.7,1.3,0.5,2.5,16.9
CJ McCollum,111,32.9,.439,5.2,.377,.825,6.3,2.7,2.1,0.5,2.4,21.3
Michael Carter-Williams,66,25.4,.398,2.1,.307,.679,3.6,5.2,2.0,0.4,2.3,8.2
Steven Adams,32,23.4,.571,0.0,nan,.443,6.3,0.6,0.7,2.0,1.1,7.2
Kelly Olynyk,101,17.2,.594,0.7,.333,.709,4.6,1.1,0.5,0.5,1.4,8.9
Shabazz Muhammad,32,30.8,.443,3.3,.377,.711,5.2,0.8,0.7,0.1,1.6,17.9
Shane Larkin,68,31.3,.438,4.0,.375,.808,3.2,3.6,1.8,0.1,2.1,11.2
Tony Snell,104,24.8,.421,4.2,.380,.821,2.4,2.0,0.5,0.3,1.5,9.2
Gorgui Dieng,102,27.3,.545,0.0,.333,.640,7.9,1.2,1.0,2.6,1.6,8.3
Mason Plumlee,141,25.9,.574,0.1,.200,.583,7.7,1.5,0.8,1.4,2.0,9.8
Solomon Hill,139,29.0,.481,2.2,.375,.745,5.6,2.2,0.9,0.4,2.1,10.3
Tim Hardaway,124,28.8,.486,2.0,.352,.718,2.6,4.5,2.1,0.2,2.0,12.8
Reggie Bullock,46,nan,.426,0.2,.100,.522,2.0,0.4,0.6,0.1,nan,2.8
Andre Roberson,105,28.3,.516,1.4,.350,.582,10.0,1.1,1.6,1.4,1.7,9.6
Archie Goodwin,33,31.8,.440,1.9,.266,.637,4.6,2.7,1.1,0.5,3.1,14.1
Allen Crabbe,98,34.7,.446,5.6,.382,.819,5.7,2.2,0.9,0.6,1.9,15.7
Carrick Felix,94,27.9,.456,3.2,.326,.704,4.8,1.3,1.0,0.8,1.7,10.2
Isaiah Canaan,132,29.4,.450,5.5,.419,.803,2.8,2.9,1.2,0.1,2.4,15.5
Glen Rice,134,29.8,.569,2.8,.480,.797,6.4,2.0,0.8,0.3,1.8,18.2
Ray McCallum,115,36.2,.507,nan,nan,.804,2.1,2.4,1.3,0.2,1.9,18.3
Tony Mitchell,70,nan,.333,1.2,.274,.455,1.5,0.5,0.2,0.1,nan,2.4
Nate Wolters,127,33.1,.450,3.6,.342,.803,4.7,5.3,1.5,0.2,2.2,18.5
Jeff Withey,117,19.8,.568,0.0,1.000,.726,5.4,0.6,0.5,2.7,1.2,8.0
Grant Jerrett,34,17.8,.409,2.3,.405,.818,3.6,0.5,0.5,1.0,0.6,5.2
Jamaal Franklin,85,25.9,.426,3.8,.302,.780,7.0,1.9,1.0,0.6,2.6,13.7
Pierre Jackson,74,32.8,.441,5.6,.379,.808,3.3,6.5,1.6,0.0,3.5,16.7
Mike Muscala,133,28.7,.501,0.5,.313,.819,8.2,1.6,0.4,2.0,1.6,15.3
Erick Green,129,28.3,.437,3.2,.338,.804,2.6,2.5,1.2,0.2,1.4,13.5
Ryan Kelly,41,16.3,.529,0.0,.000,.474,1.9,0.4,0.2,0.3,0.6,1.8
Erik Murphy,136,18.3,.514,2.4,.435,.757,3.7,0.7,0.4,0.6,1.0,7.7
James Ennis,67,31.0,.493,4.1,.354,.788,5.4,2.4,1.7,1.0,2.5,13.2
Romero Osby,63,29.3,.509,0.6,.457,.761,7.2,1.1,0.6,0.9,1.6,14.4
Lorenzo Brown,101,32.6,.429,2.1,.305,.741,4.2,5.8,1.7,0.5,3.0,11.6
Colton Iverson,35,29.5,.596,0.0,nan,.590,9.8,1.3,0.6,0.7,2.0,14.2
Arsalan Kazemi,35,29.0,.595,0.0,.000,.675,10.0,1.4,2.0,0.7,1.5,9.4
Peyton Siva,144,26.2,.417,2.4,.291,.737,2.4,4.7,1.8,0.1,2.7,8.4
Alex Oriakhi,34,25.8,.639,0.0,.000,.746,8.4,0.4,0.6,1.6,1.4,11.2
Deshaun Thomas,113,27.0,.478,3.7,.342,.802,5.0,0.9,0.4,0.2,1.1,14.4
Anthony Davis,124,30.1,.420,3.6,.311,.728,4.4,2.3,1.6,0.3,2.0,13.3
Michael Kidd-Gilchrist,40,31.1,.491,1.3,.255,.745,7.4,1.9,1.0,0.9,2.2,11.9
Bradley Beal,37,34.2,.445,5.0,.339,.769,6.7,2.2,1.4,0.8,2.1,14.8
Dion Waiters,71,20.4,.453,2.8,.348,.753,1.9,2.0,1.5,0.2,1.1,9.7
Damian Lillard,104,32.3,.446,6.1,.390,.867,4.3,3.5,1.2,0.2,2.4,18.6
Harrison Barnes,75,29.3,.430,4.4,.349,.734,5.5,1.3,0.9,0.4,1.9,16.3
Terrence Ross,69,24.4,.453,4.6,.364,.764,4.7,1.2,0.9,0.7,1.4,12.3
Andre Drummond,34,28.4,.538,0.1,.000,.295,7.6,0.4,0.8,2.7,1.5,10.0
Austin Rivers,34,33.2,.433,4.7,.365,.658,3.4,2.1,1.0,0.0,2.3,15.5
Meyers Leonard,65,19.8,.567,0.2,.083,.729,4.7,0.7,0.3,1.1,1.4,7.7
Jeremy Lamb,75,32.1,.482,4.5,.348,.806,4.7,1.7,1.0,0.6,1.6,14.1
Kendall Marshall,73,28.8,.446,1.8,.366,.693,2.3,8.0,1.1,0.1,2.6,7.2
John Henson,109,23.8,.497,0.2,.208,.484,8.1,1.0,0.6,2.5,1.5,10.3
Maurice Harkless,32,36.1,.452,2.5,.215,.676,8.6,1.5,1.6,1.4,2.5,15.5
Royce White,34,31.5,.534,0.4,.333,.498,9.3,5.0,1.2,0.9,3.8,13.4
Tyler Zeller,117,23.0,.543,0.0,.000,.775,6.7,0.6,0.7,1.1,1.4,12.8
Terrence Jones,76,30.4,.467,1.7,.328,.638,8.0,1.5,1.2,1.8,1.8,14.0
Andrew Nicholson,123,29.9,.575,0.6,.377,.720,7.2,0.7,0.5,2.0,2.4,17.1
Jared Sullinger,74,31.0,.530,0.7,.365,.733,9.7,1.2,1.1,0.8,1.8,17.3
Fab Melo,63,17.3,.576,0.0,nan,.553,3.8,0.5,0.4,1.8,1.1,4.9
John Jenkins,98,30.6,.468,7.1,.438,.856,2.7,1.1,0.7,0.3,1.3,16.9
Jared Cunningham,33,14.8,.377,2.3,.329,.750,2.6,0.4,0.4,0.4,0.7,5.2
Tony Wroten,35,30.3,.443,1.6,.161,.583,5.0,3.7,1.9,0.4,3.8,16.0
Miles Plumlee,135,15.8,.557,0.0,1.000,.625,4.8,0.3,0.5,0.6,1.0,4.8
Arnett Moultrie,30,35.8,.549,0.6,.444,.780,10.5,1.2,0.8,0.8,2.4,16.4
Perry Jones,63,32.2,.522,0.7,.279,.678,7.4,1.2,0.7,0.7,2.0,13.7
Marquis Teague,40,32.6,.412,2.0,.325,.714,2.5,4.8,0.9,0.3,2.7,10.0
Festus Ezeli,121,17.9,.562,0.0,nan,.584,4.5,0.1,0.3,1.7,1.6,7.7
Jeffery Taylor,134,29.3,.483,2.4,.358,.693,5.6,1.9,1.1,0.4,2.3,14.2
Jae Crowder,72,30.2,.492,4.1,.350,.683,7.6,1.8,1.9,0.9,1.0,14.6
Draymond Green,145,25.0,.467,1.7,.361,.687,7.6,2.9,1.2,0.8,1.9,10.5
Orlando Johnson,93,33.0,.468,4.8,.411,.736,5.8,2.7,1.0,0.6,2.6,19.6
Quincy Acy,139,25.1,.602,0.1,.429,.708,6.0,0.6,0.7,1.3,1.5,9.8
Quincy Miller,37,24.4,.447,1.9,.348,.816,4.9,1.4,0.7,0.6,1.8,10.6
Khris Middleton,87,26.0,.431,3.3,.321,.768,4.6,2.0,1.0,0.2,2.0,11.3
Will Barton,70,32.9,.471,3.6,.299,.733,6.5,2.9,1.5,0.6,2.3,15.2
Tyshawn Taylor,146,27.7,.477,2.2,.370,.708,2.2,3.9,1.2,0.2,2.6,10.8
Doron Lamb,78,29.8,.485,3.9,.475,.811,2.3,1.6,0.5,0.1,1.2,13.1
Mike Scott,55,22.9,.389,1.4,.286,.677,3.5,2.0,1.3,0.1,1.6,6.2
Kim English,141,24.2,.420,4.3,.394,.727,3.0,1.4,1.1,0.2,1.7,11.1
Justin Hamilton,113,31.2,.489,2.1,.331,.739,2.6,2.7,1.5,0.3,1.5,6.9
Darius Miller,152,24.9,.448,3.0,.379,.815,3.2,1.8,0.8,0.7,1.4,8.2
Kevin Murphy,128,29.0,.443,4.0,.372,.734,4.2,1.9,0.8,0.2,3.0,15.8
Kris Joseph,140,26.6,.449,2.4,.331,.702,4.5,1.5,1.3,0.5,1.6,10.5
Darius Johnson-Odom,105,30.8,.444,5.2,.403,.722,3.1,2.5,0.9,0.2,2.1,15.7
Robbie Hummel,127,30.2,.443,4.4,.389,.841,6.8,2.1,1.0,0.9,1.1,14.0
Marcus Denmon,141,25.5,.455,5.0,.401,.799,3.4,1.7,1.3,0.1,1.0,12.6
Robert Sacre,136,21.7,.504,0.0,.250,.735,5.0,0.7,0.5,1.4,1.6,9.3
Kyrie Irving,11,27.5,.529,3.5,.462,.901,3.4,4.3,1.5,0.5,2.5,17.5
Derrick Williams,27,nan,.418,4.6,.431,.813,3.2,3.2,1.3,0.0,nan,11.1
Tristan Thompson,128,25.5,.439,3.6,.396,.816,2.8,1.3,0.6,0.1,1.7,12.7
Brandon Knight,38,35.9,.423,6.1,.377,.795,4.0,4.2,0.7,0.2,3.2,17.3
Kemba Walker,111,32.9,.428,3.5,.326,.783,4.4,4.1,1.7,0.3,2.3,16.1
Jimmer Fredette,139,29.6,.455,5.4,.394,.882,2.6,3.7,1.2,0.1,2.5,18.7
Klay Thompson,98,34.4,.424,6.3,.390,.827,4.8,2.6,1.3,0.8,2.9,17.9
Alec Burks,68,30.9,.495,2.2,.313,.804,5.8,2.4,1.1,0.4,2.3,19.0
Markieff Morris,109,19.3,.553,0.9,.404,.653,6.1,1.2,0.6,0.9,1.6,8.5
Marcus Morris,109,24.0,.555,1.1,.358,.660,6.2,1.3,0.9,0.4,1.6,12.6
Kawhi Leonard,70,31.9,.449,2.3,.250,.744,10.2,2.2,1.4,0.6,2.2,14.1
Iman Shumpert,92,31.3,.396,4.0,.305,.738,4.5,4.2,2.3,0.2,3.0,12.7
Chris Singleton,95,29.1,.419,3.3,.330,.592,6.2,1.5,1.9,1.4,2.4,10.3
Tobias Harris,34,29.2,.460,2.2,.303,.753,7.3,1.3,0.7,0.9,1.8,15.3
Nolan Smith,143,26.9,.448,3.2,.368,.800,2.8,2.8,1.0,0.1,2.0,13.4
Kenneth Faried,136,29.1,.569,0.1,.250,.583,12.3,0.9,1.7,1.8,2.2,14.8
Reggie Jackson,99,28.0,.465,3.5,.351,.753,4.4,3.5,0.8,0.5,2.1,12.7
MarShon Brooks,113,25.3,.464,4.2,.333,.739,4.3,1.5,1.1,0.7,1.8,14.4
Jordan Hamilton,93,14.8,.425,1.9,.324,.753,1.4,0.5,0.3,0.3,0.7,4.3
JaJuan Johnson,140,27.5,.501,0.4,.250,.743,6.1,0.7,0.7,1.9,1.3,13.7
Norris Cole,140,29.4,.435,3.1,.321,.826,3.2,3.3,1.5,0.1,2.0,14.1
Cory Joseph,36,32.4,.422,3.5,.413,.699,3.6,3.0,1.0,0.3,1.5,10.4
Jimmy Butler,106,29.6,.508,0.9,.383,.773,5.5,1.7,1.1,0.5,1.0,12.0
Justin Harper,137,22.9,.483,3.4,.382,.711,4.8,0.7,0.6,0.8,1.3,10.6
Kyle Singler,148,33.0,.433,5.0,.363,.773,6.9,2.0,1.1,0.7,2.1,16.2
Shelvin Mack,108,31.2,.419,5.6,.357,.755,4.2,3.3,1.1,0.1,2.2,14.1
Tyler Honeycutt,59,31.7,.431,3.1,.359,.684,6.9,2.8,1.2,1.7,2.8,10.3
Jordan Williams,66,28.6,.528,0.0,nan,.559,10.2,0.4,0.7,1.2,1.3,13.2
Trey Thompkins,89,29.5,.469,2.5,.357,.729,7.8,1.4,1.0,1.3,2.6,15.7
Chandler Parsons,142,27.9,.477,3.2,.337,.611,6.0,2.4,0.9,0.3,1.6,10.2
Jon Leuer,123,22.8,.482,2.2,.368,.723,4.5,1.1,0.4,0.7,1.2,11.2
Darius Morris,67,29.8,.469,1.5,.223,.695,2.9,4.8,0.8,0.1,2.3,9.9
Malcolm Lee,94,26.7,.441,2.7,.278,.717,3.0,2.0,0.8,0.2,1.7,9.7
Charles Jenkins,128,35.9,.456,3.7,.382,.811,4.3,3.8,1.7,0.6,3.0,19.6
Josh Harrellson,94,15.8,.549,0.3,.310,.649,4.7,0.4,0.5,0.9,0.6,4.7
Andrew Goudelock,140,32.8,.457,6.8,.413,.838,3.3,3.0,0.9,0.3,2.2,18.4
Travis Leslie,90,26.1,.482,0.6,.333,.743,6.1,2.1,1.1,0.7,2.0,12.2
Keith Benson,135,26.8,.558,0.2,.379,.679,8.2,0.7,0.5,2.7,1.4,14.1
Josh Selby,26,20.4,.373,3.6,.362,.757,2.2,2.2,0.8,0.0,2.0,7.9
Lavoy Allen,135,32.2,.534,0.5,.288,.671,8.5,2.1,0.5,1.6,1.4,10.5
Jon Diebler,144,32.6,.427,6.3,.416,.821,2.8,1.9,1.0,0.2,1.2,10.7
Vernon Macklin,71,24.8,.599,0.0,.000,.511,5.5,0.8,0.5,0.8,1.5,11.1
DeAndre Liggins,100,21.9,.407,1.9,.332,.643,3.0,2.1,0.9,0.5,1.5,5.8
Ater Majok,26,14.7,.424,0.0,nan,.409,3.0,0.2,0.2,1.6,0.8,2.3
Isaiah Thomas,105,30.4,.426,4.8,.325,.713,3.5,4.0,1.2,0.1,2.7,16.4
John Wall,37,34.8,.461,3.1,.325,.754,4.3,6.5,1.8,0.5,4.0,16.6
Evan Turner,101,32.8,.502,1.5,.362,.758,6.8,4.1,1.6,0.7,3.5,15.0
Derrick Favors,36,27.5,.611,0.0,.000,.629,8.4,1.0,0.9,2.1,2.5,12.4
Wesley Johnson,52,8.8,.529,0.0,nan,.508,1.5,0.1,0.2,0.3,0.3,1.6
DeMarcus Cousins,38,23.5,.558,0.2,.167,.604,9.8,1.0,1.0,1.8,2.1,15.1
Ekpe Udoh,36,35.1,.490,0.7,.269,.685,9.8,2.7,0.8,3.7,2.4,13.9
Greg Monroe,65,32.6,.543,0.5,.273,.677,8.2,3.2,1.5,1.5,2.9,14.5
Al-Farouq Aminu,62,30.1,.476,1.7,.238,.687,9.4,1.4,1.2,1.3,2.9,14.4
Gordon Hayward,69,33.1,.470,4.6,.369,.824,7.4,1.8,1.3,0.9,2.0,14.4
Paul George,63,33.9,.447,4.9,.396,.803,6.7,2.4,2.0,0.9,2.7,15.5
Cole Aldrich,111,21.0,.574,0.0,nan,.729,7.7,0.6,0.5,2.3,1.2,9.4
Xavier Henry,36,27.5,.458,4.6,.418,.783,4.4,1.5,1.5,0.5,1.9,13.4
Ed Davis,61,22.2,.548,0.0,nan,.623,7.7,0.7,0.4,2.1,1.4,9.2
Patrick Patterson,97,34.0,.585,0.8,.329,.734,8.2,1.5,0.7,1.6,1.6,16.1
Larry Sanders,101,23.5,.520,0.2,.250,.577,7.7,0.5,0.6,2.7,1.5,10.3
Luke Babbitt,68,34.9,.480,2.6,.421,.893,8.1,1.8,0.9,0.8,2.1,19.4
Eric Bledsoe,37,30.3,.462,3.5,.383,.667,3.1,2.9,1.4,0.3,3.0,11.3
Avery Bradley,34,29.5,.432,3.3,.375,.545,2.9,2.1,1.3,0.5,1.5,11.6
James Anderson,87,6.3,.463,0.0,nan,.390,1.3,0.2,0.1,0.4,0.2,1.6
Craig Brackins,96,31.8,.445,2.5,.292,.726,7.7,1.6,0.5,1.0,2.0,16.0
Elliot Williams,34,33.3,.459,4.8,.366,.758,4.0,3.8,1.3,0.1,2.9,17.9
Trevor Booker,134,28.4,.559,0.5,.324,.624,7.9,1.7,1.1,1.9,1.9,12.9
Damion James,142,29.3,.479,2.0,.364,.640,9.3,1.1,1.0,1.1,1.8,13.5
Dominique Jones,95,36.5,.442,5.2,.323,.737,5.4,3.5,1.5,0.4,2.6,18.9
Quincy Pondexter,136,27.3,.503,1.2,.327,.768,5.6,1.7,0.8,0.3,1.9,13.1
Jordan Crawford,35,32.8,.462,5.8,.391,.773,4.7,2.9,1.3,0.2,2.4,20.5
Daniel Orton,38,13.2,.527,0.1,.000,.524,3.3,0.4,0.6,1.4,1.0,3.4
Lazar Hayward,138,26.4,.452,3.4,.357,.789,6.6,0.9,1.1,0.3,1.7,13.5
Dexter Pittman,134,12.2,.623,0.0,nan,.601,3.9,0.3,0.2,0.9,1.1,6.6
Hassan Whiteside,34,26.1,.524,0.1,.600,.588,8.9,0.3,0.6,5.4,1.9,13.1
Armon Johnson,101,32.7,.467,2.4,.289,.750,3.7,4.4,0.8,0.2,2.7,14.3
Terrico White,66,30.8,.429,5.4,.347,.680,4.0,1.9,0.8,0.2,1.5,14.5
Darington Hobson,35,33.6,.440,3.1,.361,.653,9.3,4.6,1.3,0.4,3.0,15.9
Andy Rautins,127,24.4,.396,5.9,.374,.763,2.6,2.7,1.4,0.2,1.7,8.8
Landry Fields,129,23.6,.463,2.3,.342,.676,5.0,1.6,0.9,0.4,1.5,10.8
Lance Stephenson,34,28.2,.440,2.1,.219,.664,5.4,2.5,0.9,0.2,2.4,12.3
Jarvis Varnado,141,25.5,.589,0.0,.250,.595,7.8,0.6,0.5,4.0,1.4,10.0
Devin Ebanks,69,32.1,.463,1.0,.114,.736,7.9,2.6,0.9,0.7,2.1,11.2
Jerome Jordan,133,24.2,.567,0.0,nan,.696,7.4,0.8,0.4,2.5,2.0,11.3
Gani Lawal,99,24.3,.548,0.0,.000,.552,7.2,0.4,0.6,1.3,2.1,11.8
Tiny Gallon,30,24.0,.547,0.6,.235,.697,7.9,0.8,0.7,0.8,2.3,10.3
Solomon Alabi,77,22.0,.534,0.0,.000,.745,5.4,0.4,0.5,2.1,1.7,9.1
Magnum Rolle,64,29.2,.521,0.0,.500,.657,7.8,0.9,0.8,1.9,2.1,13.1
Luke Harangody,129,29.2,.476,1.0,.326,.782,9.5,1.6,0.8,0.7,1.8,19.2
Willie Warren,57,31.7,.459,4.9,.350,.788,2.6,3.5,1.1,0.1,2.8,15.2
Jeremy Evans,134,23.5,.639,0.2,.364,.684,5.9,0.5,0.6,1.7,1.0,7.9
Ryan Reid,126,20.2,.495,0.0,1.000,.604,3.9,0.7,0.5,0.6,1.6,5.0
Derrick Caracter,27,26.7,.567,0.6,.267,.672,8.1,1.1,1.0,0.9,2.9,14.1
Stanley Robinson,126,26.2,.485,1.7,.351,.646,6.2,1.0,0.6,1.0,1.7,9.8
Dwayne Collins,126,23.6,.565,0.0,nan,.563,7.0,0.9,0.7,0.7,1.8,9.9
Blake Griffin,68,30.9,.618,0.1,.300,.589,11.8,2.1,1.1,1.0,2.8,18.8
Hasheem Thabeet,100,29.3,.611,0.0,nan,.625,8.5,0.4,0.4,4.2,1.8,10.3
James Harden,69,35.0,.506,3.9,.376,.755,5.4,3.7,1.9,0.4,3.0,19.0
Tyreke Evans,37,29.0,.455,3.4,.274,.711,5.4,3.9,2.1,0.8,3.6,17.1
Stephen Curry,104,32.6,.467,9.7,.412,.876,4.5,3.7,2.1,0.3,3.0,25.3
Jordan Hill,97,27.0,.578,0.0,nan,.636,7.9,0.8,0.5,1.4,2.0,12.5
DeMar DeRozan,35,33.4,.523,1.0,.167,.646,5.7,1.5,0.9,0.4,2.1,13.9
Brandon Jennings,52,15.0,.448,0.8,.333,.771,2.6,0.6,0.5,0.0,0.6,3.3
Terrence Williams,140,32.2,.400,4.4,.320,.589,6.9,3.9,1.5,0.6,2.4,11.2
Gerald Henderson,103,32.9,.481,nan,nan,.627,3.2,2.5,2.1,0.3,4.2,15.0
Tyler Hansbrough,142,30.9,.536,0.3,.316,.791,8.6,1.1,1.3,0.5,2.1,20.2
Earl Clark,104,26.7,.467,1.8,.298,.640,7.0,1.7,0.9,1.2,2.1,10.6
Austin Daye,67,22.5,.477,2.2,.422,.790,5.8,1.0,0.7,1.9,1.9,11.6
James Johnson,127,33.7,.385,4.6,.370,.792,3.5,3.8,1.5,0.1,2.2,13.6
Jrue Holiday,35,27.1,.450,2.5,.307,.726,3.8,3.7,1.6,0.5,2.1,8.5
Ty Lawson,105,27.0,.517,2.6,.403,.780,2.9,5.8,1.8,0.1,2.1,13.1
Jeff Teague,61,30.9,.462,3.0,.421,.812,3.0,3.0,1.9,0.6,3.0,16.4
Eric Maynor,130,30.7,.449,3.0,.370,.791,3.4,5.2,1.3,0.2,2.4,15.0
Darren Collison,142,29.2,.475,2.7,.435,.851,2.3,4.1,1.6,0.1,2.4,11.5
Taj Gibson,105,32.7,.580,0.0,nan,.629,8.5,1.4,0.7,2.4,2.5,12.4
DeMarre Carroll,70,26.8,.549,0.9,.311,.624,6.9,1.8,1.4,0.7,1.5,14.9
Wayne Ellington,115,28.5,.463,5.0,.397,.809,4.1,2.2,0.9,0.1,1.5,14.7
Toney Douglas,99,33.8,.448,4.8,.376,.806,3.3,2.9,1.9,0.3,2.6,16.7
Jermaine Taylor,122,25.8,.466,5.5,.376,.764,3.9,1.4,0.9,0.4,2.2,16.2
Dante Cunningham,139,27.2,.524,0.0,.333,.693,5.9,1.0,1.2,0.8,1.8,9.6
DaJuan Summers,101,27.6,.439,4.1,.353,.727,4.4,1.3,1.0,0.6,2.2,11.2
Sam Young,143,25.5,.498,2.3,.356,.692,5.0,1.0,0.8,0.8,1.9,13.2
DeJuan Blair,72,26.6,.568,0.0,nan,.614,10.7,1.1,1.6,1.0,1.6,13.6
Jon Brockman,131,28.7,.534,0.0,.000,.612,9.8,1.0,0.8,0.1,2.1,13.8
Derrick Brown,106,25.0,.573,1.2,.415,.718,5.6,1.5,0.7,0.8,1.6,10.3
Jodie Meeks,81,27.7,.436,5.7,.386,.890,3.0,1.6,1.1,0.1,1.8,15.4
Patrick Beverley,70,34.1,.420,5.2,.382,.730,5.5,2.8,1.5,0.4,2.0,13.0
Marcus Thornton,66,32.7,.455,6.7,.382,.771,5.5,1.8,1.5,0.3,2.0,20.4
Chase Budinger,100,35.4,.469,5.0,.383,.782,5.8,2.8,1.3,0.4,2.1,17.0
Nick Calathes,72,33.0,.455,4.8,.380,.715,5.3,6.3,1.8,0.1,3.1,16.3
Danny Green,145,19.9,.455,3.4,.375,.845,4.1,1.8,1.1,1.1,1.4,9.4
Taylor Griffin,129,22.3,.468,0.5,.220,.721,4.8,1.0,0.9,0.8,1.4,6.6
Goran Suton,134,24.0,.521,0.5,.348,.753,6.6,1.6,0.8,0.7,1.8,8.1
Jack McClinton,95,31.7,.428,6.8,.440,.900,2.7,2.5,0.7,0.0,2.5,17.9
Robert Vaden,67,36.0,.402,10.1,.374,.810,4.2,2.3,1.0,0.4,2.7,19.3
Ahmad Nivins,126,33.0,.627,0.0,.000,.733,7.6,0.5,0.7,1.3,2.2,14.2
Lester Hudson,65,36.5,.456,9.5,.372,.858,7.9,4.4,2.6,0.6,3.6,26.6
Chinemelu Elonu,90,13.8,.633,0.0,nan,.578,4.4,0.2,0.2,0.9,1.1,5.1
Robert Dozier,148,25.0,.466,1.1,.312,.692,6.5,1.0,1.0,1.5,1.7,9.3
Derrick Rose,40,29.2,.477,2.6,.337,.712,4.5,4.7,1.2,0.4,2.7,14.9
Michael Beasley,33,31.5,.532,2.9,.379,.774,12.4,1.2,1.3,1.6,2.9,26.2
Russell Westbrook,75,21.9,.464,1.3,.354,.685,2.4,2.5,1.0,0.1,1.6,8.3
Kevin Love,39,29.6,.559,2.1,.354,.767,10.6,1.9,0.7,1.4,2.0,17.5
Eric Gordon,32,34.7,.433,6.5,.337,.834,3.3,2.4,1.3,0.6,3.6,20.9
Joe Alexander,82,25.3,.447,2.1,.295,.765,4.8,2.0,0.6,1.2,1.8,12.1
Brook Lopez,53,28.0,.480,0.4,.143,.764,7.1,1.1,0.5,1.9,2.1,16.0
Jerryd Bayless,30,35.7,.458,4.8,.407,.839,2.7,4.0,1.0,0.1,3.0,19.7
Jason Thompson,122,32.1,.526,0.8,.291,.667,9.6,2.0,0.9,1.9,2.6,16.7
Brandon Rush,109,31.3,.449,4.3,.435,.733,5.5,2.0,0.7,0.8,2.1,13.6
Anthony Randolph,31,32.8,.464,0.6,.105,.693,8.5,1.2,1.1,2.3,3.0,15.6
Robin Lopez,67,24.3,.511,0.0,.500,.612,5.6,0.8,0.3,2.3,1.6,9.0
Marreese Speights,69,15.4,.633,0.0,nan,.688,5.4,0.5,0.3,0.9,1.1,9.5
Roy Hibbert,136,23.3,.603,0.0,1.000,.680,5.9,1.3,0.4,1.9,1.5,10.9
JaVale McGee,66,18.7,.542,0.7,.356,.514,4.8,0.3,0.5,1.8,1.6,8.7
Ryan Anderson,66,33.0,.484,4.7,.396,.841,9.0,1.0,0.5,0.5,1.8,18.7
Courtney Lee,127,31.2,.464,4.8,.401,.817,5.2,2.2,1.9,0.6,2.5,17.6
Kosta Koufos,37,27.1,.508,1.7,.349,.680,6.7,0.5,0.4,1.8,1.5,14.4
George Hill,95,33.3,.529,2.3,.404,.785,5.8,3.3,1.6,0.3,2.5,17.0
Darrell Arthur,78,21.9,.541,0.2,.118,.676,5.5,0.6,0.7,1.4,1.6,11.3
Walter Sharpe,12,24.9,.523,0.3,.000,.523,6.8,1.7,1.2,1.8,2.8,14.2
Joey Dorsey,149,21.7,.614,0.0,nan,.420,8.1,0.5,1.1,1.8,1.3,6.7
Mario Chalmers,110,28.5,.486,3.9,.419,.767,2.8,3.8,2.6,0.4,2.4,12.2
DeAndre Jordan,35,20.1,.617,0.0,nan,.437,6.0,0.4,0.2,1.3,1.6,7.9
Kyle Weaver,121,29.8,.464,1.3,.277,.716,4.7,3.8,1.6,0.8,2.6,9.6
Sonny Weems,69,31.2,.473,3.7,.366,.767,4.6,2.3,1.3,0.3,2.7,13.3
Chris Douglas-Roberts,109,26.1,.540,1.8,.372,.725,3.7,1.7,1.0,0.4,2.0,14.2
Sean Singletary,123,32.8,.406,5.0,.362,.846,4.0,4.8,1.6,0.1,3.3,16.9
Patrick Ewing,143,30.8,.620,nan,nan,.635,9.2,0.9,1.2,3.4,2.3,15.3
Trent Plaisted,103,27.2,.535,0.0,nan,.547,6.7,1.2,0.4,1.0,2.1,13.3
Malik Hairston,117,31.2,.504,3.1,.395,.643,5.1,2.1,0.6,0.6,2.0,14.1
Richard Hendrix,95,28.4,.590,0.1,.231,.594,8.9,1.4,0.9,1.6,1.9,14.0
DeVon Hardin,101,22.1,.517,0.0,nan,.609,6.4,0.4,0.4,1.3,1.1,7.4
Shan Foster,132,30.2,.471,6.6,.421,.791,3.9,1.7,0.8,0.3,1.5,15.2
Darnell Jackson,125,16.6,.580,0.0,.333,.685,4.9,0.5,0.5,0.4,1.0,6.8
Maarty Leunen,127,27.9,.503,2.6,.397,.775,7.1,1.8,1.0,0.4,1.3,9.9
Mike Taylor,31,35.0,.376,6.9,.360,.682,4.1,4.5,1.1,0.1,5.4,16.0
Sasha Kaun,135,16.5,.568,0.0,nan,.512,3.9,0.3,0.4,1.1,0.8,6.1
James Gist,130,24.9,.506,0.7,.330,.696,6.0,1.1,0.9,1.8,1.8,10.9
Joe Crawford,127,25.3,.438,4.2,.350,.702,3.4,1.5,0.5,0.2,1.6,11.3
Deron Washington,128,29.3,.467,1.3,.294,.616,5.4,1.5,1.2,0.9,1.7,11.0
Greg Oden,32,28.9,.616,0.0,nan,.628,9.6,0.7,0.6,3.3,2.0,15.7
Kevin Durant,35,35.9,.473,5.8,.404,.816,11.1,1.3,1.9,1.9,2.8,25.8
Al Horford,109,25.7,.586,0.0,.000,.619,7.9,1.7,0.9,1.7,1.6,10.3
Mike Conley,39,31.6,.518,1.8,.304,.694,3.4,6.1,2.2,0.3,2.2,11.3
Jeff Green,102,33.2,.488,2.4,.359,.700,6.5,3.1,0.9,1.2,2.5,13.1
Corey Brewer,108,27.2,.480,2.6,.356,.708,4.3,2.8,1.6,0.4,2.3,11.3
Brandan Wright,37,27.4,.646,0.0,nan,.567,6.2,1.0,1.0,1.8,1.6,14.7
Joakim Noah,108,21.1,.616,0.0,.500,.684,6.4,1.7,0.9,1.7,1.8,10.5
Spencer Hawes,31,28.9,.532,0.1,.333,.755,6.4,1.9,0.5,1.7,2.5,14.9
Acie Law,122,30.8,.466,2.6,.357,.760,3.1,4.5,1.3,0.0,2.5,13.7
Thaddeus Young,31,29.6,.478,3.0,.419,.743,4.9,2.0,1.3,0.4,2.2,14.4
Julian Wright,71,24.1,.555,0.2,.188,.591,6.3,2.0,1.2,1.3,2.2,10.4
Al Thornton,124,22.0,.528,1.2,.438,.701,5.2,0.7,0.8,0.6,1.7,12.3
Rodney Stuckey,59,33.1,.472,5.2,.317,.806,4.7,4.8,2.3,0.3,3.5,24.4
Nick Young,96,31.1,.484,2.7,.368,.764,5.1,1.4,0.8,0.3,2.1,15.5
Sean Williams,69,20.5,.577,0.0,nan,.605,4.2,0.6,0.6,2.8,1.2,5.5
Javaris Crittenton,32,31.3,.450,3.2,.356,.783,3.7,5.8,2.0,0.1,3.9,14.4
Jason Smith,87,27.9,.548,0.3,.308,.751,7.9,2.0,0.5,1.7,3.1,14.7
Daequan Cook,39,19.7,.445,3.3,.415,.697,4.3,1.0,0.7,0.3,1.4,9.8
Jared Dudley,130,36.4,.504,2.5,.365,.731,7.2,3.0,1.4,0.3,2.1,15.9
Wilson Chandler,59,31.1,.445,2.6,.303,.659,7.1,1.2,0.7,1.5,1.8,12.9
Morris Almond,121,27.1,.492,2.9,.435,.824,3.5,1.0,0.7,0.5,2.2,15.1
Aaron Brooks,115,32.7,.430,4.8,.374,.834,3.5,4.1,1.1,0.1,2.6,13.1
Arron Afflalo,104,32.7,.457,5.4,.373,.781,3.5,1.9,0.6,0.2,2.0,14.8
Alando Tucker,134,32.1,.480,2.5,.307,.636,5.7,1.6,0.8,0.2,1.7,16.5
Carl Landry,64,29.9,.602,0.7,.233,.714,7.1,1.2,1.0,0.8,2.9,18.4
Gabe Pruitt,80,32.4,.438,5.7,.393,.778,3.1,3.5,2.0,0.2,2.4,13.8
Marcus Williams,70,27.9,.402,2.1,.375,.791,3.2,7.3,1.0,0.2,3.2,9.0
Nick Fazekas,131,30.1,.532,2.6,.341,.815,9.6,1.3,0.7,1.5,1.7,18.8
Glen Davis,95,32.0,.496,0.9,.310,.694,9.6,1.5,1.1,1.2,2.4,16.7
Jermareo Davidson,126,28.7,.467,0.2,.211,.717,7.3,1.0,0.5,1.8,1.5,10.1
Josh McRoberts,69,29.7,.540,0.5,.278,.664,6.5,2.4,1.2,1.9,1.9,10.8
Chris Richard,141,15.6,.665,0.0,nan,.631,3.2,0.3,0.3,0.4,1.0,4.9
Derrick Byars,64,31.5,.467,5.5,.400,.713,4.3,3.3,1.2,0.2,2.4,14.8
Adam Haluska,98,33.1,.430,5.9,.364,.846,4.4,2.1,1.2,0.2,1.7,16.1
Reyshawn Terry,126,14.4,.485,2.0,.419,.750,3.5,0.9,0.6,0.5,1.4,7.3
Jared Jordan,117,34.6,.446,4.0,.326,.702,4.8,6.9,1.4,0.1,2.8,13.1
Dominic McGuire,32,32.9,.471,2.1,.299,.586,9.8,3.3,0.9,3.6,3.7,13.5
Aaron Gray,113,20.9,.550,0.0,nan,.595,7.0,1.3,0.4,1.2,1.6,9.8
JamesOn Curry,101,32.0,.437,4.8,.404,.758,2.9,3.5,1.0,0.2,2.8,13.5
Taurean Green,111,29.2,.401,4.3,.389,.857,2.2,3.6,1.1,0.1,2.5,10.6
Demetris Nichols,123,25.8,.423,4.7,.358,.752,4.1,1.1,1.0,0.8,1.5,10.9
Herbert Hill,99,19.8,.614,0.0,.000,.566,5.2,0.9,0.8,1.9,1.6,9.7
Ramon Sessions,97,29.2,.417,0.8,.313,.740,4.2,4.9,1.2,0.1,2.6,8.8
Sammy Mejia,123,31.2,.457,2.9,.328,.659,4.8,3.2,1.0,0.2,2.2,12.1
LaMarcus Aldridge,53,30.2,.586,0.0,nan,.649,8.2,0.6,1.3,1.8,1.6,13.5
Adam Morrison,95,30.6,.503,3.7,.368,.761,5.1,2.0,0.7,0.4,1.7,19.7
Tyrus Thomas,32,25.9,.608,0.0,1.000,.657,9.2,1.3,1.0,3.1,1.8,12.3
Shelden Williams,139,28.1,.572,0.1,.333,.694,9.1,0.9,1.2,3.0,2.3,13.9
Brandon Roy,103,27.5,.512,1.5,.344,.765,5.0,3.0,1.0,0.5,2.1,14.3
Randy Foye,131,31.3,.399,4.9,.329,.781,4.8,3.2,1.5,0.4,2.9,15.0
Rudy Gay,64,29.8,.461,2.3,.378,.721,5.9,1.8,1.3,1.7,2.2,13.6
Hilton Armstrong,131,15.1,.563,0.0,.333,.578,3.9,0.6,0.3,1.5,1.2,4.7
Ronnie Brewer,90,33.0,.462,3.4,.340,.671,5.0,3.3,2.4,0.5,2.3,15.7
Cedric Simmons,63,18.9,.565,0.1,.500,.652,4.1,1.1,0.4,1.8,1.3,7.7
Rodney Carney,133,27.6,.415,6.0,.362,.717,4.9,1.2,1.0,1.0,1.4,14.3
Shawne Williams,36,27.8,.416,4.3,.312,.786,6.2,1.9,1.4,1.4,2.3,13.2
Quincy Douby,95,32.1,.432,6.8,.389,.820,2.9,2.7,1.3,0.7,2.2,17.8
Renaldo Balkman,104,21.1,.553,0.5,.291,.533,5.3,1.7,1.2,1.1,1.7,7.4
Rajon Rondo,68,28.1,.493,1.5,.283,.577,4.5,4.2,2.3,0.2,2.2,9.6
Marcus Williams,70,27.9,.402,2.1,.375,.791,3.2,7.3,1.0,0.2,3.2,9.0
Josh Boone,103,25.9,.578,0.0,nan,.559,7.0,0.8,0.5,2.2,1.3,9.3
Kyle Lowry,57,26.7,.449,0.7,.325,.737,3.8,3.0,1.9,0.2,1.9,9.5
Shannon Brown,97,28.0,.457,3.1,.364,.831,3.4,1.9,1.3,0.1,2.0,12.2
Jordan Farmar,66,32.2,.410,4.4,.333,.760,3.0,5.2,1.2,0.2,3.8,13.3
Maurice Ager,124,25.6,.441,4.3,.380,.775,3.4,1.5,0.5,0.3,1.7,12.5
Mardy Collins,125,37.5,.399,5.0,.292,.624,4.6,3.2,2.3,0.2,2.0,15.4
James White,93,29.3,.450,3.1,.347,.818,4.7,2.8,1.0,0.6,2.2,11.7
Steve Novak,126,27.0,.456,6.1,.461,.931,4.2,1.0,0.5,0.1,1.1,12.4
Solomon Jones,59,31.2,.505,0.0,.000,.693,8.0,1.0,0.6,2.6,2.7,9.8
Paul Davis,130,25.8,.538,0.4,.271,.763,7.0,1.4,1.1,0.7,2.1,13.2
Craig Smith,130,34.0,.558,0.5,.239,.643,8.6,1.9,1.3,0.8,2.3,18.1
Bobby Jones,92,nan,.608,nan,nan,.641,8.9,3.1,nan,nan,nan,13.7
David Noel,127,23.2,.532,1.4,.354,.587,4.3,1.9,1.1,0.5,1.7,6.9
Denham Brown,135,24.1,.429,2.7,.354,.776,3.9,1.3,0.7,0.2,1.5,9.4
James Augustine,137,27.1,.617,0.1,.333,.687,7.5,1.1,1.0,1.0,1.5,10.1
Daniel Gibson,68,33.0,.411,6.6,.387,.741,3.6,3.5,1.5,0.3,2.4,13.8
Alexander Johnson,92,21.0,.520,0.4,.308,.667,5.2,0.7,0.9,0.7,2.6,9.8
Dee Brown,108,29.0,.482,2.2,.366,.763,5.3,3.1,1.9,0.3,2.3,13.9
Paul Millsap,92,35.2,.577,0.2,.375,.620,12.7,0.9,1.3,2.0,2.4,18.6
Leon Powe,54,32.5,.492,0.2,.300,.672,9.8,1.1,0.8,0.6,2.2,17.8
Ryan Hollins,113,20.2,.575,0.0,1.000,.591,4.0,0.4,0.2,0.9,1.4,5.7
Hassan Adams,130,27.8,.499,1.9,.311,.704,5.4,2.0,1.8,0.7,2.0,14.0
Will Blalock,93,34.3,.421,2.9,.365,.719,3.1,5.0,1.9,0.1,2.5,11.6
Andrew Bogut,68,32.7,.603,0.5,.361,.674,11.1,2.3,0.7,1.6,2.7,16.6
Marvin Williams,36,22.2,.506,1.2,.432,.847,6.6,0.7,1.1,0.5,1.6,11.3
Deron Williams,101,31.7,.422,4.3,.374,.685,3.3,5.9,1.1,0.2,2.4,11.0
Chris Paul,63,33.5,.472,2.9,.470,.838,3.9,6.3,2.5,0.2,2.7,15.0
Raymond Felton,101,33.9,.423,4.6,.375,.731,4.1,6.9,1.9,0.3,3.6,12.5
Charlie Villanueva,63,22.3,.518,1.0,.393,.681,6.7,1.0,0.4,1.7,1.7,11.2
Channing Frye,133,27.7,.562,0.2,.261,.759,7.3,1.3,0.6,1.9,1.4,13.5
Ike Diogu,91,35.1,.571,1.2,.387,.786,8.8,1.2,0.4,1.7,3.4,21.4
Sean May,77,27.8,.513,0.1,.000,.717,10.0,1.5,1.3,1.2,2.4,15.8
Rashad McCants,98,29.2,.486,5.4,.415,.721,4.1,2.1,1.5,0.6,2.2,17.6
Antoine Wright,87,32.1,.412,5.5,.376,.648,5.6,2.1,1.1,0.6,2.3,15.4
Joey Graham,68,27.5,.549,1.2,.476,.819,5.7,1.6,0.8,0.2,2.4,15.0
Danny Granger,52,30.8,.510,3.4,.392,.757,8.9,2.3,1.8,1.8,2.5,19.1
Hakim Warrick,135,31.0,.536,0.3,.250,.659,7.6,1.5,1.0,0.9,2.3,15.4
Julius Hodge,129,33.0,.473,2.7,.329,.760,6.0,3.5,1.2,0.6,2.6,15.8
Nate Robinson,89,28.2,.457,4.1,.348,.793,3.9,3.2,1.6,0.1,2.0,14.4
Jarrett Jack,101,32.3,.478,2.6,.359,.796,4.5,5.4,1.8,0.1,3.3,12.5
Luther Head,128,25.4,.473,4.3,.382,.752,3.1,2.5,1.2,0.2,1.5,10.1
Jason Maxiell,129,27.6,.507,0.1,.286,.653,7.0,0.7,0.7,1.9,1.5,12.1
Linas Kleiza,49,28.7,.413,2.8,.287,.707,7.9,1.3,0.6,0.3,2.4,14.4
Wayne Simien,106,26.6,.558,0.2,.240,.784,8.3,0.9,0.7,0.7,1.7,15.0
David Lee,127,25.0,.581,0.0,.000,.681,6.8,2.0,0.9,0.9,2.1,11.3
Salim Stoudamire,129,29.8,.471,5.8,.458,.870,2.2,2.0,0.8,0.1,2.0,15.2
Daniel Ewing,138,27.7,.432,4.0,.392,.746,2.8,2.1,1.4,0.2,1.9,11.6
Brandon Bass,59,34.2,.540,0.8,.378,.780,8.2,0.7,0.8,1.8,1.8,15.1
Ronny Turiaf,127,25.5,.518,0.1,.222,.715,6.8,1.0,0.5,1.4,2.1,13.6
Travis Diener,120,31.4,.416,5.7,.413,.837,3.1,5.1,1.3,0.1,1.9,14.1
Von Wafer,61,21.6,.405,4.9,.365,.669,2.2,1.4,0.9,0.2,1.4,10.1
Chris Taft,65,26.0,.569,0.0,nan,.564,7.5,1.1,0.4,1.7,1.4,12.0
Lou Williams,5,nan,.353,0.8,.000,.643,0.6,1.0,0.2,0.0,nan,4.2
Erazem Lorbek,35,15.5,.534,0.7,.462,.649,3.3,0.6,0.6,0.5,1.1,6.4
Bracey Wright,85,35.7,.405,6.3,.350,.776,5.1,2.4,0.9,0.6,2.3,17.6
Ryan Gomes,116,35.1,.519,2.0,.352,.789,8.9,2.3,1.6,0.4,2.3,18.4
Robert Whaley,22,13.0,.348,0.0,.000,.660,2.5,0.6,0.3,0.4,1.1,5.8
Orien Greene,42,29.5,.413,4.5,.339,.737,4.6,3.6,2.6,0.3,2.9,11.1
Dijon Thompson,117,27.8,.464,3.1,.362,.781,4.7,2.0,1.1,0.3,2.4,12.5
Lawrence Roberts,62,32.3,.481,1.3,.296,.645,10.5,1.6,1.5,0.7,2.6,16.9
Amir Johnson,120,34.5,.389,3.7,.338,.668,4.0,5.0,1.6,0.1,3.3,10.2
Alex Acker,88,34.4,.457,3.3,.411,.823,5.6,2.8,1.5,0.4,2.6,14.5
Emeka Okafor,103,31.8,.590,0.0,nan,.564,10.6,0.8,0.9,4.3,2.0,13.8
Ben Gordon,106,31.0,.440,5.5,.423,.795,3.9,4.1,1.2,0.2,2.8,16.9
Devin Harris,96,35.0,.447,5.2,.375,.778,4.1,3.1,1.7,0.4,1.8,14.8
Josh Childress,86,28.6,.438,3.6,.335,.755,6.8,1.8,0.9,1.1,1.7,12.3
Luol Deng,37,31.1,.476,3.0,.360,.710,6.9,1.8,1.3,1.1,2.2,15.1
Andre Iguodala,62,25.4,.424,1.9,.274,.738,6.6,3.4,1.5,0.5,2.1,9.6
Luke Jackson,126,29.1,.461,3.4,.402,.849,5.9,3.4,1.3,0.3,2.3,15.6
Kris Humphries,29,34.1,.444,1.7,.340,.742,10.1,0.7,0.9,1.1,2.8,21.7
Kirk Snyder,84,30.8,.426,4.1,.310,.677,6.4,2.7,0.9,0.8,3.1,16.7
Josh Smith,4,7.5,.333,0.0,nan,.500,1.8,1.0,0.8,0.3,1.3,0.8
Jameer Nelson,125,34.5,.454,5.0,.365,.786,4.6,5.7,2.0,0.1,3.0,16.8
Delonte West,89,26.8,.489,3.4,.377,.831,4.2,3.0,1.4,0.2,2.0,13.9
Tony Allen,67,31.4,.477,2.2,.347,.682,5.5,2.9,2.0,0.8,2.8,15.3
Kevin Martin,79,31.8,.462,6.4,.346,.841,4.5,1.7,1.7,0.4,2.9,23.3
David Harrison,88,28.2,.601,0.0,.000,.553,8.0,0.6,0.6,2.6,2.4,15.0
Jackson Vroman,63,30.6,.558,0.2,.077,.512,9.5,2.1,1.2,1.1,2.8,13.2
Peter John Ramos,1,4.0,.000,nan,nan,nan,0.0,0.0,nan,nan,nan,0.0
Lionel Chalmers,123,31.7,.425,5.1,.372,.716,2.9,3.3,1.3,0.1,2.7,12.7
Andre Emmett,128,32.3,.500,1.4,.312,.703,6.0,1.6,1.3,0.3,1.9,17.6
Antonio Burks,91,30.6,.469,1.7,.401,.673,2.6,5.4,1.9,0.2,2.3,11.3
Royal Ivey,133,24.7,.455,1.2,.338,.709,3.1,2.3,0.9,0.2,1.5,7.8
Chris Duhon,144,33.4,.418,3.5,.321,.693,3.4,5.7,2.1,0.1,2.5,8.8
Justin Reed,122,28.7,.476,1.3,.285,.707,6.3,1.1,1.0,0.7,2.4,14.6
David Young,97,22.4,.412,4.1,.343,.728,2.1,3.4,1.2,0.4,2.0,7.7
Trevor Ariza,25,31.6,.426,3.0,.237,.504,6.5,2.1,1.7,0.4,3.2,11.6
Tim Pickett,62,31.4,.408,8.5,.367,.814,5.1,2.1,2.6,0.4,2.3,16.7
Bernard Robinson,120,30.6,.440,1.9,.297,.814,5.3,3.0,1.4,0.4,2.9,12.5
Pape Sow,72,32.4,.468,0.9,.294,.667,9.1,0.8,1.4,0.8,2.6,15.8
Ricky Minard,114,33.7,.488,5.3,.372,.796,6.4,3.7,2.1,0.6,3.0,20.9
Christian Drejer,38,22.8,.455,1.9,.378,.767,3.3,3.2,0.7,0.2,1.7,7.1
Romain Sato,130,36.2,.417,6.4,.367,.776,6.9,2.0,1.0,0.3,1.6,15.4
Matt Freije,121,28.7,.448,4.3,.355,.786,4.9,0.9,0.7,0.6,1.4,15.6
Rickey Paulding,131,31.8,.444,4.0,.367,.763,4.0,1.8,0.8,0.4,2.1,12.8
Luis Flores,90,37.1,.450,4.7,.386,.880,4.5,2.3,1.8,0.2,3.0,22.7
Marcus Douthit,122,21.0,.438,0.0,.000,.700,4.6,1.5,0.9,2.4,2.3,5.9
Blake Stepp,128,31.8,.417,5.9,.381,.813,3.9,5.0,1.2,0.1,2.7,13.0
Rashad Wright,119,34.4,.402,3.0,.341,.684,2.7,4.1,1.4,0.3,2.1,8.9
Carmelo Anthony,35,36.4,.453,4.7,.337,.706,10.0,2.2,1.6,0.9,2.2,22.2
Chris Bosh,31,31.0,.560,1.5,.478,.730,9.0,1.2,1.0,2.2,2.3,15.6
Dwyane Wade,65,30.7,.494,1.5,.333,.745,6.5,3.9,2.3,1.2,3.1,19.7
Chris Kaman,83,26.3,.608,0.0,nan,.713,8.5,0.8,0.5,2.2,3.1,15.1
Kirk Hinrich,141,29.7,.493,3.9,.430,.776,3.8,4.7,1.5,0.4,2.7,12.4
Mike Sweetney,96,29.0,.544,0.0,.000,.727,9.2,1.8,1.1,1.9,2.5,18.2
Jarvis Hayes,56,33.1,.474,4.9,.372,.775,4.8,1.8,1.2,0.5,1.8,18.4
Nick Collison,142,27.4,.562,0.5,.359,.624,8.0,1.8,1.1,1.7,2.4,14.8
Marcus Banks,63,34.3,.495,3.1,.330,.731,3.3,4.3,2.5,0.2,3.6,18.1
Luke Ridnour,96,33.6,.429,5.4,.389,.859,3.0,5.2,1.6,0.1,3.2,14.6
Reece Gaines,125,31.6,.452,4.7,.383,.750,3.4,3.8,1.5,0.2,2.7,15.6
Troy Bell,122,35.7,.424,6.6,.372,.868,4.0,3.5,2.2,0.3,2.9,21.6
Dahntay Jones,68,29.8,.485,2.5,.347,.740,4.8,1.0,1.0,0.5,1.8,14.3
Brian Cook,132,25.7,.510,2.1,.339,.793,6.2,1.3,0.7,1.0,2.0,13.2
Josh Howard,127,27.8,.483,2.4,.353,.708,6.6,1.9,1.7,1.1,2.2,13.9
Jason Kapono,127,34.0,.469,5.6,.446,.830,5.1,2.1,0.9,0.1,2.3,16.5
Luke Walton,129,27.2,.426,1.8,.284,.685,5.1,4.5,1.2,0.4,2.6,9.1
Mario Austin,91,31.2,.531,0.2,.353,.660,6.3,1.1,0.7,0.6,2.0,13.2
Travis Hansen,86,27.4,.434,2.4,.369,.774,4.8,1.7,0.7,0.4,2.0,13.2
Steve Blake,138,31.3,.401,3.5,.381,.771,3.4,7.0,1.7,0.3,3.3,8.3
Derrick Zimmerman,127,26.0,.477,1.1,.268,.600,3.3,4.0,1.6,0.7,2.9,6.9
Willie Green,124,30.0,.461,2.8,.352,.757,4.2,2.2,0.9,0.3,2.0,14.3
Keith Bogans,135,29.0,.437,5.5,.342,.688,4.1,2.3,1.1,0.1,2.3,14.2
Matt Bonner,131,25.0,.503,3.2,.395,.740,5.9,1.2,0.7,0.5,1.6,12.0
Mo Williams,64,33.7,.405,4.8,.294,.847,3.9,4.2,1.5,0.1,3.0,13.1
James Jones,122,27.5,.426,2.7,.383,.831,5.0,1.2,1.1,1.6,1.5,11.1
Kyle Korver,128,27.7,.472,6.4,.453,.891,5.2,2.3,1.3,0.5,1.8,14.1
Tommy Smith,122,27.6,.500,0.5,.310,.593,4.8,1.7,1.0,1.4,2.9,9.2
Rick Rickert,63,29.4,.469,3.6,.361,.693,5.7,1.3,0.7,1.0,2.0,14.9
Brandon Hunter,119,32.6,.510,1.0,.339,.608,9.3,2.1,0.8,0.7,3.4,16.9
Jay Williams,108,33.1,.453,7.4,.393,.671,3.7,6.0,2.2,0.1,3.9,19.3
Mike Dunleavy,111,33.9,.484,nan,nan,.798,3.1,3.3,1.5,0.1,nan,14.3
Drew Gooden,98,26.2,.493,0.6,.306,.698,9.2,1.6,1.1,1.1,2.6,15.6
Dajuan Wagner,36,31.8,.410,5.8,.317,.722,2.5,3.6,1.2,0.6,2.9,21.2
Chris Wilcox,70,16.6,.520,0.0,.000,.589,4.7,1.0,0.5,1.0,1.0,7.9
Caron Butler,63,34.5,.465,1.9,.364,.768,7.6,3.0,2.1,0.3,2.7,18.0
Jared Jeffries,70,32.6,.450,1.7,.325,.643,7.2,2.2,1.2,1.3,2.9,14.4
Melvin Ely,124,32.5,.577,0.0,.333,.648,7.5,1.1,0.8,2.9,2.4,15.7
Marcus Haislip,89,17.1,.530,1.1,.373,.705,3.4,0.5,0.3,1.3,1.1,8.4
Fred Jones,125,28.2,.481,3.5,.338,.805,5.0,2.9,1.2,0.6,2.4,13.2
Juan Dixon,141,28.4,.468,4.4,.389,.850,4.2,2.6,2.4,0.2,2.5,16.1
Curtis Borchardt,66,21.6,.534,0.6,.375,.691,7.2,1.2,0.4,2.2,1.4,10.2
Ryan Humphrey,60,32.8,.496,0.4,.381,.567,10.0,2.0,0.9,2.8,2.6,16.6
Kareem Rush,84,30.2,.445,6.4,.422,.777,5.4,2.1,1.2,0.6,2.8,18.9
Casey Jacobsen,95,31.8,.470,5.5,.427,.771,3.8,2.7,0.5,0.1,2.0,18.1
Tayshaun Prince,135,29.8,.457,4.6,.329,.743,5.6,1.9,0.8,1.1,1.7,13.1
Frank Williams,101,31.7,.396,4.1,.326,.807,4.0,4.3,2.1,0.3,2.7,14.3
John Salmons,124,30.8,.466,2.2,.321,.805,5.5,3.5,1.5,0.7,2.6,10.4
Chris Jefferies,54,32.2,.432,5.2,.346,.664,5.4,2.3,1.4,1.0,2.6,16.2
Dan Dickau,56,34.3,.458,7.2,.465,.865,3.1,5.3,0.8,0.1,3.2,20.1
Steve Logan,135,34.1,.435,5.1,.378,.861,2.2,3.4,0.7,0.0,2.0,14.7
Roger Mason,89,29.6,.436,4.1,.375,.869,3.0,2.6,1.0,0.4,2.2,13.8
Robert Archibald,130,16.2,.570,0.0,.000,.681,4.1,0.8,0.5,0.6,1.6,6.2
Vincent Yarbrough,127,30.4,.440,4.1,.340,.687,6.8,2.3,1.7,1.0,2.2,13.7
Dan Gadzuric,122,24.1,.548,0.0,.000,.449,6.6,0.6,0.7,1.5,1.8,10.5
Carlos Boozer,101,25.9,.631,0.0,.000,.741,7.2,1.1,1.0,0.7,1.6,14.9
Tito Maddox,25,32.3,.391,2.8,.286,.703,5.8,8.0,1.6,0.2,5.2,13.5
Rod Grizzard,100,30.8,.402,5.5,.304,.785,5.8,1.7,1.1,1.0,2.4,14.9
Jason Jennings,59,28.1,.547,0.0,nan,.756,6.8,1.1,0.3,3.4,2.2,14.3
Lonny Baxter,138,24.4,.553,0.0,.600,.600,7.2,0.7,0.9,1.6,1.6,13.5
Sam Clancy,113,37.6,.495,0.0,.400,.617,7.4,1.2,1.2,1.7,2.1,14.7
Matt Barnes,121,22.6,.469,1.6,.314,.566,4.8,2.0,1.0,0.4,2.0,8.8
Jamal Sampson,32,24.9,.426,0.0,nan,.526,6.5,1.2,0.5,1.7,1.7,6.4
Chris Owens,78,26.8,.467,0.6,.217,.618,6.9,0.7,1.0,2.0,1.7,12.5
Darius Songaila,130,26.2,.511,0.3,.343,.831,6.3,1.8,1.1,0.7,2.8,14.3
Marcus Taylor,59,34.4,.399,4.0,.335,.795,2.1,4.4,0.7,0.1,2.6,12.1
Rasual Butler,110,38.3,.409,7.1,.359,.829,5.9,1.6,1.0,1.1,2.7,19.3
Tamar Slay,114,28.8,.443,5.7,.386,.749,4.4,2.2,1.2,0.5,2.4,15.7
Randy Holcomb,61,31.6,.471,1.7,.295,.657,7.9,1.6,0.8,0.8,3.4,16.4
Corsley Edwards,123,27.6,.509,0.0,.000,.688,7.9,0.8,0.9,1.6,2.0,14.1
Kwame Brown,48,nan,.560,0.0,.000,.182,2.8,0.2,0.3,0.7,nan,2.5
Jason Richardson,70,21.7,.503,2.1,.383,.649,5.0,1.4,0.8,0.5,1.1,9.6
Shane Battier,146,31.4,.500,4.1,.416,.777,6.1,1.6,1.8,1.7,1.2,13.6
Eddie Griffin,30,32.6,.429,4.3,.320,.734,10.8,1.6,0.9,4.4,2.2,17.8
Rodney White,28,30.9,.487,3.4,.347,.713,6.5,1.5,1.2,0.7,2.9,18.7
Joe Johnson,53,30.3,.466,2.9,.406,.753,6.1,2.4,1.7,0.5,2.5,15.0
Richard Jefferson,84,26.3,.490,1.9,.368,.718,5.0,2.8,0.6,0.8,2.7,11.2
Troy Murphy,94,35.1,.496,2.0,.335,.777,9.8,1.7,1.2,1.3,3.0,21.4
Steven Hunter,63,24.6,.586,0.0,.000,.600,4.7,0.4,0.2,2.0,1.6,9.9
Kirk Haston,96,26.8,.473,0.7,.366,.717,7.8,1.2,0.8,1.1,2.0,14.6
Michael Bradley,31,34.0,.692,1.1,.353,.590,9.8,2.6,0.9,1.8,2.8,20.8
Jason Collins,73,22.1,.612,0.4,.444,.716,6.6,0.8,0.5,1.2,1.5,10.8
Zach Randolph,33,19.8,.587,0.0,.000,.635,6.7,1.0,0.7,0.7,1.6,10.8
Brendan Haywood,141,29.2,.637,0.0,nan,.591,6.0,0.8,0.3,2.2,1.9,10.0
Joseph Forte,69,33.9,.454,4.4,.368,.810,5.8,3.0,1.8,0.4,2.4,18.7
Jeryl Sasser,117,35.0,.394,4.1,.280,.710,8.3,3.2,1.7,0.6,2.7,17.0
Brandon Armstrong,65,30.4,.439,5.6,.391,.824,3.2,1.5,1.7,0.2,1.9,18.1
Gerald Wallace,36,22.9,.438,1.8,.175,.568,6.0,1.5,1.2,1.0,2.4,9.8
Samuel Dalembert,59,21.4,.537,0.0,nan,.539,5.8,0.3,0.4,2.8,2.0,7.1
Jamaal Tinsley,68,32.5,.388,2.3,.327,.685,4.5,6.3,2.6,0.8,4.0,12.5
Tony Parker,136,18.3,.555,0.0,nan,.516,5.1,0.3,0.4,0.7,1.2,8.3
Trenton Hassell,84,36.2,.471,4.2,.345,.779,8.2,4.5,1.1,0.7,3.4,19.4
Gilbert Arenas,70,30.5,.466,4.2,.361,.738,3.8,2.2,1.9,0.2,2.7,15.8
Omar Cook,29,38.2,.360,7.6,.309,.742,3.0,8.7,2.3,0.2,5.1,15.3
Will Solomon,94,29.1,.392,6.2,.366,.717,2.8,2.6,1.2,0.4,3.4,15.2
Terence Morris,136,29.8,.495,2.2,.338,.780,6.8,1.7,1.2,1.9,2.2,12.7
Brian Scalabrine,92,33.0,.513,1.5,.343,.770,6.1,2.7,1.0,0.9,3.4,15.7
Damone Brown,113,29.2,.497,0.8,.225,.742,6.0,1.1,1.0,0.8,1.6,10.9
Michael Wright,99,nan,.575,0.1,.167,.749,8.4,0.4,0.5,0.3,1.8,15.1
Earl Watson,129,34.5,.450,3.0,.341,.654,3.8,4.7,1.8,0.4,3.5,11.2
Jamison Brewer,58,23.2,.456,1.0,.220,.527,4.7,4.1,1.1,0.1,2.2,5.7
Bobby Simmons,93,31.6,.428,3.9,.331,.783,7.5,2.2,1.3,0.2,2.5,13.6
Eric Chenowith,139,22.3,.454,0.1,.100,.723,6.7,0.9,0.5,1.7,2.0,9.2
Kyle Hill,98,nan,.463,5.5,.391,.762,4.3,3.2,1.7,0.5,2.9,18.6
Sean Lampley,123,32.1,.494,0.7,.210,.671,7.2,2.4,0.7,0.6,3.1,14.4
Loren Woods,55,30.9,.522,0.1,.200,.796,7.0,1.8,0.7,3.4,2.1,14.3
Ousmane Cisse,120,23.6,.535,0.0,nan,.556,6.6,1.0,0.6,0.5,1.6,6.3
Ken Johnson,47,31.2,.561,nan,nan,.513,8.9,0.4,0.4,2.0,1.9,9.9
Ruben Boumtje-Boumtje,101,25.1,.485,0.0,.000,.664,7.0,0.9,0.8,2.5,2.7,9.6
Alton Ford,26,25.5,.432,1.3,.265,.609,5.9,0.7,0.2,0.7,2.5,10.8
Andre Hutson,138,nan,.609,0.0,.000,.727,6.1,1.2,0.8,0.5,1.6,10.1
Jarron Collins,129,24.5,.520,0.1,.250,.669,5.5,1.1,0.6,0.4,1.3,8.4
Kenny Satterfield,68,31.5,.403,3.0,.323,.780,4.1,5.2,1.4,0.1,3.3,11.9
Maurice Jeffers,64,nan,.439,1.3,.361,.730,5.2,2.0,0.9,0.4,2.2,11.2
Robertas Javtokas,8,nan,.375,0.0,nan,.000,1.3,0.0,0.1,0.5,nan,0.8
Alvin Jones,124,31.5,.489,0.0,.000,.574,8.7,1.4,0.7,3.4,3.0,10.6
Bryan Bracey,58,nan,.518,1.6,.426,.760,5.3,0.7,0.8,0.3,2.6,13.2
Kenyon Martin,116,23.7,.586,0.1,.222,.581,7.5,1.2,1.1,2.5,1.6,11.0
Stromile Swift,50,26.6,.560,0.7,.242,.613,7.0,0.7,1.3,2.6,2.5,13.4
Marcus Fizer,97,32.9,.511,0.7,.292,.702,7.4,1.0,0.9,0.9,2.3,18.9
Mike Miller,65,26.7,.483,3.5,.345,.718,6.0,2.3,1.2,0.3,2.2,13.3
DerMarr Johnson,32,27.5,.478,4.4,.371,.737,3.8,1.4,1.0,0.9,1.4,12.6
Chris Mihm,96,31.4,.497,0.3,.300,.684,9.8,0.6,0.4,2.8,2.4,14.6
Jamal Crawford,17,33.9,.412,5.9,.327,.784,2.8,4.5,1.1,0.9,3.1,16.6
Joel Przybilla,49,27.6,.591,0.0,nan,.521,6.9,1.9,0.7,3.4,2.9,9.9
Keyon Dooling,59,28.1,.411,3.4,.338,.733,2.4,3.4,1.3,0.5,2.3,12.1
Etan Thomas,122,26.0,.600,0.0,nan,.598,6.9,0.4,0.7,3.5,1.7,11.0
Courtney Alexander,59,33.8,.458,5.6,.324,.769,4.2,3.0,1.5,0.2,2.4,22.9
Mateen Cleaves,123,29.6,.406,3.7,.313,.738,2.1,6.6,1.6,0.1,3.8,12.5
Jason Collier,55,33.2,.458,3.2,.362,.728,8.3,1.5,0.7,1.2,3.3,17.1
Desmond Mason,129,30.0,.486,2.7,.372,.731,6.2,1.1,1.2,0.7,1.7,13.2
Quentin Richardson,64,34.2,.454,5.0,.369,.728,10.2,1.6,0.9,0.3,2.2,17.9
Jamaal Magloire,145,21.2,.503,0.0,nan,.636,5.4,0.4,0.5,1.8,1.9,7.3
Speedy Claxton,119,33.8,.468,1.7,.322,.748,4.8,5.5,2.4,0.3,3.0,16.9
Morris Peterson,137,23.4,.484,2.8,.377,.746,4.7,0.9,0.9,0.3,1.5,11.6
Donnell Harvey,37,20.2,.507,0.0,.000,.610,7.0,1.0,0.7,0.8,1.6,10.1
Erick Barkley,65,34.8,.396,5.0,.328,.727,3.1,4.6,2.6,0.3,2.2,14.6
Mark Madsen,108,24.8,.587,0.0,.000,.596,7.9,0.6,0.4,0.6,1.3,10.9
Dan Langhi,121,27.4,.445,3.0,.383,.831,4.6,0.7,0.5,0.2,1.7,12.4
Jake Voskuhl,138,21.6,.542,0.0,nan,.656,6.4,0.9,0.6,1.4,1.6,6.3
Khalid El-Amin,108,30.3,.416,5.1,.355,.822,3.0,4.4,1.7,0.1,2.6,15.3
Mike Smith,55,35.2,.428,7.4,.318,.769,8.2,2.7,1.6,0.8,4.4,19.3
Eddie House,124,33.4,.425,5.5,.366,.798,4.0,3.3,2.1,0.2,2.1,16.5
Lavor Postell,129,29.3,.430,2.2,.326,.789,5.6,1.6,1.0,0.4,1.8,11.1
Chris Carrawell,136,nan,.486,1.3,.360,.667,4.5,2.3,0.8,0.8,nan,10.7
Michael Redd,96,33.1,.448,4.1,.319,.649,6.2,2.5,1.6,0.1,2.3,19.6
Brian Cardinal,132,28.0,.461,2.7,.365,.761,5.7,2.1,2.0,0.3,1.9,12.0
Jabari Smith,61,29.1,.532,1.4,.298,.639,8.2,2.1,0.9,1.1,3.0,12.6
Mark Karcher,67,nan,.373,6.9,.322,.613,5.2,2.2,1.6,0.1,nan,14.5
Jason Hart,132,33.9,.393,3.2,.326,.712,3.3,5.4,2.5,0.1,3.2,11.4
Kaniel Dickens,55,22.2,.483,0.7,.351,.630,5.7,0.6,0.9,0.7,2.0,9.3
Ernest Brown,43,4.7,.450,0.2,.333,.688,0.4,0.6,0.2,0.0,0.6,1.4
Dan McClintock,115,20.0,.632,0.0,.000,.652,4.2,0.7,0.3,1.7,1.8,11.9
Cory Hightower,36,24.4,.475,1.0,.361,.750,6.3,1.9,0.8,0.6,1.6,9.4
Chris Porter,56,28.9,.467,0.7,.308,.651,8.0,1.1,2.1,0.4,2.2,15.3
Jaquay Walls,65,nan,.419,3.7,.356,.746,3.2,4.2,1.5,0.2,nan,14.3
Scoonie Penn,66,nan,.420,6.6,.350,.748,4.1,4.3,2.1,0.1,nan,16.3
Pete Mickeal,65,nan,.545,1.2,.355,.711,6.8,1.8,1.5,0.4,nan,14.2
Elton Brand,60,29.3,.612,0.0,nan,.672,8.9,0.9,1.4,1.9,1.7,16.2
Steve Francis,34,30.7,.523,3.4,.388,.790,4.5,4.5,2.8,0.2,3.0,17.0
Baron Davis,59,30.7,.503,3.1,.328,.631,3.8,5.1,2.5,0.4,3.3,13.6
Lamar Odom,32,34.9,.482,3.1,.330,.687,9.4,3.8,0.8,1.5,3.4,17.6
Wally Szczerbiak,105,28.5,.512,4.5,.431,.809,6.3,2.2,0.8,0.8,2.2,17.6
Richard Hamilton,103,31.4,.426,6.1,.378,.826,4.5,2.6,1.3,0.3,2.7,19.8
Andre Miller,134,29.4,.513,1.5,.294,.676,4.8,5.4,1.9,0.5,2.8,12.1
Shawn Marion,29,32.9,.529,2.3,.299,.730,9.3,1.2,2.5,1.9,1.4,18.7
Jason Terry,129,25.1,.443,4.0,.374,.784,2.3,3.8,1.9,0.1,2.4,11.3
Trajan Langdon,136,28.9,.451,5.9,.426,.862,2.9,1.9,0.9,0.2,1.5,14.5
Corey Maggette,39,17.7,.525,2.2,.345,.716,3.9,1.5,0.7,0.4,2.1,10.6
William Avery,74,31.0,.470,4.0,.369,.784,2.8,3.8,1.2,0.0,2.6,11.9
Cal Bowdler,118,20.6,.451,1.2,.264,.625,6.6,0.7,0.4,1.9,1.5,8.6
James Posey,95,31.5,.527,2.3,.329,.808,8.4,1.7,2.3,0.7,2.7,15.3
Quincy Lewis,127,21.1,.460,2.9,.344,.723,4.0,1.5,1.4,0.7,1.6,12.7
Dion Glover,33,nan,.441,5.0,.271,.640,5.0,2.6,2.1,0.2,nan,18.4
Jeff Foster,111,21.3,.508,0.0,1.000,.639,8.4,1.2,0.9,1.0,1.6,9.8
Kenny Thomas,123,31.7,.537,1.5,.353,.740,8.4,2.1,0.9,1.9,2.9,15.7
Tim James,115,28.5,.476,0.6,.278,.644,7.4,0.7,1.1,1.9,2.6,14.9
Vonteego Cummings,103,32.3,.423,3.9,.334,.699,4.0,4.4,2.3,0.3,3.2,15.3
Jumaine Jones,65,34.4,.449,4.0,.351,.751,9.0,1.0,1.0,0.6,2.5,16.6
Scott Padgett,122,22.8,.449,3.4,.364,.759,5.3,2.0,1.2,0.6,1.5,10.3
Leon Smith,49,nan,.438,nan,nan,.678,2.6,nan,nan,nan,nan,13.1
John Celestand,124,24.2,.410,3.5,.330,.731,2.8,3.6,1.3,0.2,2.4,9.9
Rico Hill,94,nan,.516,1.3,.437,.743,6.9,1.3,0.9,0.3,nan,15.0
Michael Ruffin,128,28.0,.530,0.1,.000,.570,9.5,1.2,1.2,2.1,2.2,9.4
Chris Herren,86,29.1,.457,5.3,.367,.629,2.1,5.4,1.6,0.1,2.8,15.1
Evan Eschmeyer,112,30.8,.595,0.0,nan,.655,8.9,1.8,0.8,1.2,2.8,16.1
Calvin Booth,114,28.3,.507,0.1,.091,.707,6.4,0.9,0.6,3.8,2.1,11.3
Obinna Ekezie,118,22.5,.488,0.0,.000,.654,5.7,0.9,0.6,1.1,1.1,9.9
Laron Profit,125,25.6,.474,2.6,.322,.684,4.6,2.3,2.0,0.6,2.5,12.5
Francisco Elson,58,19.8,.477,0.0,nan,.510,5.0,0.5,0.8,1.2,1.1,5.5
Louis Bullock,132,nan,.427,6.1,.423,.863,3.3,2.3,1.0,0.2,nan,16.8
Lee Nailon,63,31.9,.532,0.3,.294,.728,9.1,2.2,1.5,1.0,3.2,23.9
Tyrone Washington,123,nan,.485,0.0,.000,.648,6.9,0.7,0.5,1.6,nan,9.1
Ryan Robertson,142,23.6,.445,2.5,.407,.802,2.4,3.4,1.0,0.2,1.4,7.4
Todd MacCulloch,115,22.8,.664,0.0,nan,.660,8.5,0.4,0.6,1.2,1.4,15.2
Galen Young,64,nan,.400,2.1,.316,.705,6.3,2.5,1.4,0.5,nan,11.8
Lari Ketner,94,28.1,.499,0.0,.000,.603,7.0,0.8,0.4,2.2,1.8,12.2
Venson Hamilton,129,nan,.527,0.0,.000,.610,8.4,1.3,1.4,1.9,nan,11.0
Roberto Bergersen,86,nan,.487,4.7,.400,.808,3.3,2.0,1.6,0.3,nan,17.3
Rodney Buford,118,30.1,.447,4.7,.380,.753,6.1,1.8,1.7,0.5,2.0,17.9
Melvin Levett,120,5.9,.412,3.9,.348,.762,2.9,1.0,0.6,0.3,0.5,9.3
Kris Clack,120,nan,.441,3.5,.305,.655,6.4,2.0,2.0,0.8,nan,13.3
Tim Young,132,25.5,.503,0.0,nan,.768,8.1,1.4,0.4,1.3,1.9,11.7
Eddie Lucas,55,nan,.433,5.3,.412,.817,3.5,1.1,0.5,0.1,nan,12.1
Michael Olowokandi,77,15.7,.592,0.0,nan,.466,7.5,0.5,0.2,2.1,1.4,13.5
Mike Bibby,69,32.3,.456,5.3,.390,.730,3.1,5.5,2.3,0.2,2.6,15.4
Raef LaFrentz,131,27.5,.555,0.3,.371,.712,9.1,0.7,0.7,1.1,2.0,15.8
Antawn Jamison,104,33.6,.577,0.3,.296,.617,9.9,0.9,0.9,0.8,1.8,19.0
Vince Carter,103,23.0,.547,2.6,.368,.705,4.5,1.9,1.1,0.8,1.3,12.3
Robert Traylor,91,24.4,.566,0.0,.000,.545,8.2,1.5,1.1,1.1,2.7,13.3
Jason Williams,20,29.1,.441,6.7,.403,.840,3.0,6.7,2.7,0.2,2.7,17.1
Larry Hughes,32,nan,.415,4.5,.290,.692,5.1,2.4,2.2,0.4,nan,20.9
Paul Pierce,108,28.1,.481,2.8,.355,.697,6.3,2.2,1.4,0.9,2.8,16.4
Bonzi Wells,116,31.0,.480,3.8,.325,.681,7.3,3.3,3.0,0.8,3.6,21.4
Michael Doleac,133,22.2,.491,0.4,.404,.784,6.7,0.6,0.5,0.9,1.5,11.4
Keon Clark,39,28.1,.554,0.7,.370,.638,8.2,1.3,0.6,3.5,2.6,14.8
Michael Dickerson,130,24.1,.458,3.2,.367,.728,3.7,1.5,0.8,0.2,1.9,13.8
Matt Harpring,124,36.0,.465,4.7,.361,.753,8.0,2.3,1.4,0.2,2.7,17.9
Bryce Drew,121,35.1,.449,6.9,.435,.834,3.1,5.2,1.5,0.1,2.6,17.7
Pat Garrity,111,32.1,.488,2.5,.358,.747,7.0,2.0,0.8,0.6,2.9,18.8
Roshown McLeod,69,24.2,.492,2.6,.397,.740,5.4,1.1,1.0,0.9,1.7,13.6
Ricky Davis,31,nan,.466,2.9,.308,.698,4.8,2.4,1.2,0.3,nan,15.0
Brian Skinner,103,31.7,.575,0.0,nan,.558,8.9,0.6,1.1,3.4,2.6,16.5
Tyronn Lue,99,32.6,.446,4.1,.356,.788,3.4,4.4,1.6,0.1,3.3,15.9
Sam Jacobson,130,23.4,.437,3.6,.365,.718,4.8,1.7,1.0,0.2,2.1,13.1
Corey Benjamin,48,26.1,.491,4.4,.305,.688,4.5,1.8,1.5,0.6,3.4,17.5
Nazr Mohammed,94,12.8,.553,0.0,.000,.581,5.7,0.5,0.8,1.4,1.4,8.7
Ansu Sesay,110,27.6,.428,2.1,.268,.724,6.4,2.1,0.9,0.9,2.4,13.0
Ruben Patterson,50,23.3,.515,2.1,.274,.603,5.9,1.7,1.1,0.4,2.2,14.8
Jelani McCoy,78,28.0,.694,0.0,nan,.462,7.1,1.1,0.6,2.4,2.3,10.4
Shammond Williams,134,20.2,.455,4.3,.403,.849,2.5,3.0,0.7,0.0,1.8,10.8
Jerome James,81,25.8,.495,0.0,.000,.527,9.2,0.7,0.5,4.5,3.3,16.0
Casey Shaw,113,31.7,.546,0.0,.000,.594,7.7,1.2,0.5,1.0,2.3,13.8
DeMarco Johnson,119,28.4,.492,0.9,.304,.748,7.8,1.2,1.1,0.5,1.8,16.8
Rafer Alston,33,nan,.401,5.9,.337,.758,2.2,7.3,2.1,0.4,nan,11.0
Cuttino Mobley,93,27.6,.438,4.4,.354,.821,4.2,2.0,1.5,0.4,1.9,14.3
Miles Simon,114,30.6,.463,4.1,.374,.767,3.8,3.6,1.1,0.1,2.9,14.6
Jahidi White,105,13.1,.539,0.0,nan,.462,4.6,0.2,0.5,1.4,1.5,5.6
Sean Marks,86,13.0,.487,0.3,.400,.669,4.4,0.5,0.6,0.8,1.1,6.5
Toby Bailey,129,31.6,.459,3.9,.341,.667,5.2,3.6,1.1,0.4,3.1,14.3
Andrae Patterson,121,24.4,.479,1.2,.313,.755,5.7,1.3,0.9,1.0,2.2,11.3
Tyson Wheeler,125,33.4,.412,6.5,.371,.705,2.8,5.7,1.6,0.0,3.5,15.3
Ryan Stack,120,18.2,.473,1.4,.362,.690,4.2,0.8,0.5,1.0,1.5,6.5
Cory Carr,115,23.9,.428,6.2,.366,.797,3.6,1.9,0.7,0.2,1.9,16.6
Andrew Betts,21,nan,.540,0.0,nan,.689,10.1,1.8,0.6,1.7,nan,18.7
Corey Brewer,108,27.2,.480,2.6,.356,.708,4.3,2.8,1.6,0.4,2.3,11.3
Derrick Dial,122,29.9,.480,4.7,.377,.774,5.7,2.0,1.0,0.5,1.2,15.5
Greg Buckner,122,32.6,.504,1.5,.276,.665,4.9,2.1,1.5,0.3,1.5,14.4
Tremaine Fowlkes,32,26.3,.491,1.2,.162,.636,11.2,1.0,1.6,0.3,2.2,13.9
Ryan Bowen,120,22.8,.575,0.4,.375,.685,6.7,1.0,1.7,1.0,1.4,9.1
Torraye Braggs,59,30.9,.550,0.0,.000,.727,7.8,2.5,1.4,0.4,3.3,13.4
Maceo Baston,126,22.4,.627,0.0,.000,.648,6.6,0.6,0.7,1.1,2.0,10.6
Tim Duncan,128,35.1,.577,0.4,.321,.689,12.3,2.3,0.5,3.8,2.6,16.5
Chauncey Billups,55,33.9,.413,5.7,.382,.857,5.6,5.1,1.9,0.1,3.7,18.5
Antonio Daniels,111,33.3,.515,1.9,.396,.758,2.9,5.2,1.5,0.3,2.8,16.1
Tony Battie,87,24.7,.545,0.4,.278,.649,8.3,0.8,0.6,1.9,1.6,10.7
Ron Mercer,76,26.0,.483,2.8,.344,.782,4.1,1.9,1.3,0.2,1.4,13.3
Tim Thomas,32,31.4,.450,4.4,.336,.796,6.0,2.1,1.8,1.0,2.8,16.9
Adonal Foyle,87,36.5,.547,0.1,.100,.491,12.7,1.5,0.7,5.7,3.8,20.4
Danny Fortson,100,26.9,.565,0.0,.000,.743,8.7,1.2,0.9,0.4,2.6,18.8
Tariq Abdul-Wahad,51,30.7,.473,2.7,.324,.734,7.6,1.8,1.3,0.8,3.0,20.6
Austin Croshere,121,23.6,.440,3.6,.340,.843,5.3,1.0,0.9,0.6,1.9,12.6
Derek Anderson,55,21.5,.500,2.8,.399,.797,3.6,2.8,1.8,0.2,1.5,12.3
Maurice Taylor,98,28.5,.497,0.2,.313,.642,6.1,1.2,0.6,0.9,2.0,12.9
Kelvin Cato,55,27.2,.443,0.0,.000,.589,8.1,0.6,0.9,3.4,1.7,10.5
Brevin Knight,115,32.2,.416,2.4,.336,.798,3.8,6.8,2.6,0.1,3.5,14.9
Johnny Taylor,62,30.1,.497,3.2,.337,.692,7.2,2.0,1.0,0.8,2.4,17.3
Scot Pollard,128,21.5,.549,0.0,1.000,.669,6.6,0.5,0.8,1.7,1.5,9.4
Paul Grant,28,27.3,.494,0.0,.000,.713,5.2,0.8,0.5,1.2,2.2,12.5
Anthony Parker,112,32.2,.447,4.6,.379,.750,5.7,3.2,1.4,0.7,2.5,15.0
Ed Gray,54,28.3,.448,4.5,.318,.790,3.3,1.9,1.6,0.2,2.7,20.0
Bobby Jackson,60,29.7,.427,3.2,.307,.786,5.5,3.5,1.8,0.3,2.3,14.4
Rodrick Rhodes,25,28.6,.447,3.2,.370,.597,4.9,4.2,1.6,0.3,3.8,14.0
John Thomas,124,20.7,.496,0.0,.000,.536,5.1,0.7,0.6,0.8,1.5,7.1
Charles Smith,122,33.6,.500,0.2,.273,.753,8.1,1.4,0.9,2.8,2.0,16.8
Jacque Vaughn,126,30.2,.459,2.2,.383,.708,3.0,6.4,1.3,0.1,2.8,9.6
Keith Booth,126,30.7,.456,0.8,.210,.699,7.3,2.3,1.5,0.6,3.2,14.1
Serge Zwikker,120,15.8,.501,0.0,.333,.696,5.0,0.4,0.2,1.1,0.6,7.0
Mark Sanford,82,nan,.458,3.3,.293,.658,6.6,1.5,1.2,0.8,nan,16.1
James Cotton,19,13.9,.441,0.1,.000,.634,2.7,0.4,0.6,0.3,0.9,2.9
Bubba Wells,105,31.8,.522,2.2,.405,.747,6.9,2.0,1.3,0.9,2.4,21.6
Kebu Stewart,43,34.3,.490,0.1,.200,.638,10.8,0.8,1.0,0.8,3.2,18.0
James Collins,112,32.8,.450,6.1,.372,.679,4.5,2.5,1.7,0.3,2.4,16.0
Marc Jackson,63,36.8,.477,0.2,.400,.717,9.0,1.0,0.7,0.5,2.3,15.9
Jerald Honeycutt,125,33.6,.421,5.0,.308,.672,7.0,3.4,1.9,1.3,3.8,17.7
Anthony Johnson,117,24.0,.466,1.4,.404,.725,2.6,4.4,1.2,0.2,nan,8.2
Eddie Elisma,122,24.4,.550,0.0,.400,.591,6.3,0.8,0.7,1.5,1.4,7.4
Jason Lawson,131,29.1,.586,0.0,.000,.692,6.9,1.4,0.7,2.9,2.6,11.9
Gordon Malone,53,nan,.562,0.5,.333,.546,7.6,0.9,0.9,1.1,nan,11.6
Cedric Henderson,28,26.5,.544,nan,nan,.683,7.1,0.9,1.8,1.1,2.0,15.5
God Shammgod,65,32.5,.393,2.2,.208,.676,2.0,6.6,2.0,0.1,3.0,10.3
Eric Washington,112,25.6,.435,6.1,.386,.785,5.0,1.0,1.3,0.5,1.7,13.7
Alvin Williams,131,30.0,.443,2.9,.350,.726,3.7,4.2,1.5,0.3,2.3,10.9
Chris Crawford,113,22.0,.444,2.0,.373,.721,3.5,0.8,0.6,0.4,1.5,9.3
DeJuan Wheat,136,33.5,.452,6.3,.377,.755,2.6,3.7,1.5,0.2,2.3,16.1
Paul Rogers,64,nan,.557,0.3,.235,.629,6.7,1.2,0.4,1.1,nan,13.1
Mark Blount,56,20.5,.466,0.0,.500,.518,3.6,0.7,0.5,1.9,2.3,6.4
Nate Erdmann,60,nan,.468,5.9,.396,.722,5.2,2.8,1.6,0.3,nan,16.7
Allen Iverson,67,32.5,.440,5.8,.314,.683,3.6,4.6,3.2,0.3,4.1,23.0
Marcus Camby,92,25.3,.501,0.1,.077,.661,7.0,1.4,0.8,3.7,2.0,15.1
Shareef Abdur-Rahim,28,34.7,.518,0.8,.381,.683,8.4,1.0,1.9,1.3,3.1,21.1
Stephon Marbury,36,37.4,.457,6.6,.370,.738,3.1,4.5,1.8,0.1,3.2,18.9
Ray Allen,101,28.6,.487,5.1,.448,.779,6.0,2.4,1.6,0.4,1.9,19.0
Antoine Walker,69,21.0,.449,1.5,.252,.660,6.5,2.2,1.3,0.5,2.1,11.7
Lorenzen Wright,64,34.8,.551,0.0,.000,.635,10.3,1.3,1.0,2.0,2.0,16.0
Kerry Kittles,122,36.1,.478,5.8,.394,.719,5.9,3.3,2.3,0.4,2.0,18.4
Samaki Walker,50,29.5,.570,0.1,.286,.568,7.3,1.2,0.7,2.4,1.9,14.3
Erick Dampier,93,28.4,.587,0.0,nan,.566,9.2,1.4,0.6,2.7,2.6,13.2
Todd Fuller,115,27.4,.498,0.5,.309,.800,7.7,1.0,0.3,1.3,1.5,13.8
Vitaly Potapenko,56,30.5,.603,0.1,.167,.725,6.9,1.4,0.5,1.0,4.2,19.9
Steve Nash,113,30.1,.430,5.8,.401,.867,3.1,4.5,1.3,0.1,3.1,14.9
Tony Delk,133,23.7,.474,5.4,.397,.709,3.5,1.6,1.5,0.3,1.5,14.2
John Wallace,127,33.0,.533,0.8,.390,.738,8.4,2.0,1.1,1.6,3.1,16.7
Walter McCarty,103,20.5,.515,1.8,.401,.684,5.1,1.8,0.9,1.0,1.8,9.2
